POS_ID,POS1,POS2,POS3,POS4,POS5,POS6
0,代名詞,*,*,*,*,*
1,副詞,*,*,*,*,*
2,助動詞,*,*,*,下一段-ア行,仮定形-一般
3,助動詞,*,*,*,下一段-ア行,仮定形-融合
4,助動詞,*,*,*,下一段-ア行,命令形
5,助動詞,*,*,*,下一段-ア行,意志推量形
6,助動詞,*,*,*,下一段-ア行,未然形-一般
7,助動詞,*,*,*,下一段-ア行,終止形-一般
8,助動詞,*,*,*,下一段-ア行,終止形-撥音便
9,助動詞,*,*,*,下一段-ア行,連体形-一般
10,助動詞,*,*,*,下一段-ア行,連体形-撥音便
11,助動詞,*,*,*,下一段-ア行,連用形-一般
12,助動詞,*,*,*,下一段-カ行,仮定形-一般
13,助動詞,*,*,*,下一段-カ行,仮定形-融合
14,助動詞,*,*,*,下一段-カ行,命令形
15,助動詞,*,*,*,下一段-カ行,意志推量形
16,助動詞,*,*,*,下一段-カ行,未然形-一般
17,助動詞,*,*,*,下一段-カ行,終止形-一般
18,助動詞,*,*,*,下一段-カ行,終止形-撥音便
19,助動詞,*,*,*,下一段-カ行,連体形-一般
20,助動詞,*,*,*,下一段-カ行,連体形-撥音便
21,助動詞,*,*,*,下一段-カ行,連用形-一般
22,助動詞,*,*,*,下一段-ガ行,仮定形-一般
23,助動詞,*,*,*,下一段-ガ行,仮定形-融合
24,助動詞,*,*,*,下一段-ガ行,命令形
25,助動詞,*,*,*,下一段-ガ行,意志推量形
26,助動詞,*,*,*,下一段-ガ行,未然形-一般
27,助動詞,*,*,*,下一段-ガ行,終止形-一般
28,助動詞,*,*,*,下一段-ガ行,終止形-撥音便
29,助動詞,*,*,*,下一段-ガ行,連体形-一般
30,助動詞,*,*,*,下一段-ガ行,連体形-撥音便
31,助動詞,*,*,*,下一段-ガ行,連用形-一般
32,助動詞,*,*,*,下一段-サ行,仮定形-一般
33,助動詞,*,*,*,下一段-サ行,仮定形-融合
34,助動詞,*,*,*,下一段-サ行,命令形
35,助動詞,*,*,*,下一段-サ行,意志推量形
36,助動詞,*,*,*,下一段-サ行,未然形-一般
37,助動詞,*,*,*,下一段-サ行,終止形-一般
38,助動詞,*,*,*,下一段-サ行,終止形-撥音便
39,助動詞,*,*,*,下一段-サ行,連体形-一般
40,助動詞,*,*,*,下一段-サ行,連体形-撥音便
41,助動詞,*,*,*,下一段-サ行,連用形-一般
42,助動詞,*,*,*,下一段-タ行,仮定形-一般
43,助動詞,*,*,*,下一段-タ行,仮定形-融合
44,助動詞,*,*,*,下一段-タ行,命令形
45,助動詞,*,*,*,下一段-タ行,意志推量形
46,助動詞,*,*,*,下一段-タ行,未然形-一般
47,助動詞,*,*,*,下一段-タ行,終止形-一般
48,助動詞,*,*,*,下一段-タ行,終止形-撥音便
49,助動詞,*,*,*,下一段-タ行,連体形-一般
50,助動詞,*,*,*,下一段-タ行,連体形-撥音便
51,助動詞,*,*,*,下一段-タ行,連体形-省略
52,助動詞,*,*,*,下一段-タ行,連用形-一般
53,助動詞,*,*,*,下一段-ダ行,仮定形-一般
54,助動詞,*,*,*,下一段-ダ行,仮定形-融合
55,助動詞,*,*,*,下一段-ダ行,命令形
56,助動詞,*,*,*,下一段-ダ行,意志推量形
57,助動詞,*,*,*,下一段-ダ行,未然形-一般
58,助動詞,*,*,*,下一段-ダ行,終止形-一般
59,助動詞,*,*,*,下一段-ダ行,終止形-撥音便
60,助動詞,*,*,*,下一段-ダ行,連体形-一般
61,助動詞,*,*,*,下一段-ダ行,連体形-撥音便
62,助動詞,*,*,*,下一段-ダ行,連体形-省略
63,助動詞,*,*,*,下一段-ダ行,連用形-一般
64,助動詞,*,*,*,下一段-マ行,仮定形-一般
65,助動詞,*,*,*,下一段-マ行,仮定形-融合
66,助動詞,*,*,*,下一段-マ行,命令形
67,助動詞,*,*,*,下一段-マ行,意志推量形
68,助動詞,*,*,*,下一段-マ行,未然形-一般
69,助動詞,*,*,*,下一段-マ行,終止形-一般
70,助動詞,*,*,*,下一段-マ行,終止形-撥音便
71,助動詞,*,*,*,下一段-マ行,連体形-一般
72,助動詞,*,*,*,下一段-マ行,連体形-撥音便
73,助動詞,*,*,*,下一段-マ行,連用形-一般
74,助動詞,*,*,*,下一段-ラ行,仮定形-一般
75,助動詞,*,*,*,下一段-ラ行,仮定形-融合
76,助動詞,*,*,*,下一段-ラ行,命令形
77,助動詞,*,*,*,下一段-ラ行,意志推量形
78,助動詞,*,*,*,下一段-ラ行,未然形-一般
79,助動詞,*,*,*,下一段-ラ行,終止形-一般
80,助動詞,*,*,*,下一段-ラ行,終止形-撥音便
81,助動詞,*,*,*,下一段-ラ行,連体形-一般
82,助動詞,*,*,*,下一段-ラ行,連体形-撥音便
83,助動詞,*,*,*,下一段-ラ行,連用形-一般
84,助動詞,*,*,*,五段-カ行,仮定形-一般
85,助動詞,*,*,*,五段-カ行,仮定形-融合
86,助動詞,*,*,*,五段-カ行,命令形
87,助動詞,*,*,*,五段-カ行,意志推量形
88,助動詞,*,*,*,五段-カ行,未然形-一般
89,助動詞,*,*,*,五段-カ行,終止形-一般
90,助動詞,*,*,*,五段-カ行,連体形-一般
91,助動詞,*,*,*,五段-カ行,連用形-イ音便
92,助動詞,*,*,*,五段-カ行,連用形-一般
93,助動詞,*,*,*,五段-カ行,連用形-促音便
94,助動詞,*,*,*,五段-カ行,連用形-融合
95,助動詞,*,*,*,五段-サ行,仮定形-一般
96,助動詞,*,*,*,五段-サ行,仮定形-融合
97,助動詞,*,*,*,五段-サ行,命令形
98,助動詞,*,*,*,五段-サ行,意志推量形
99,助動詞,*,*,*,五段-サ行,未然形-一般
100,助動詞,*,*,*,五段-サ行,終止形-一般
101,助動詞,*,*,*,五段-サ行,連体形-一般
102,助動詞,*,*,*,五段-サ行,連用形-一般
103,助動詞,*,*,*,五段-サ行,連用形-融合
104,助動詞,*,*,*,五段-ラ行,仮定形-一般
105,助動詞,*,*,*,五段-ラ行,仮定形-融合
106,助動詞,*,*,*,五段-ラ行,命令形
107,助動詞,*,*,*,五段-ラ行,意志推量形
108,助動詞,*,*,*,五段-ラ行,未然形-一般
109,助動詞,*,*,*,五段-ラ行,未然形-撥音便
110,助動詞,*,*,*,五段-ラ行,終止形-一般
111,助動詞,*,*,*,五段-ラ行,終止形-促音便
112,助動詞,*,*,*,五段-ラ行,終止形-撥音便
113,助動詞,*,*,*,五段-ラ行,連体形-一般
114,助動詞,*,*,*,五段-ラ行,連体形-撥音便
115,助動詞,*,*,*,五段-ラ行,連体形-省略
116,助動詞,*,*,*,五段-ラ行,連用形-イ音便
117,助動詞,*,*,*,五段-ラ行,連用形-一般
118,助動詞,*,*,*,五段-ラ行,連用形-促音便
119,助動詞,*,*,*,五段-ラ行,連用形-撥音便
120,助動詞,*,*,*,五段-ラ行,連用形-融合
121,助動詞,*,*,*,五段-ワア行,仮定形-一般
122,助動詞,*,*,*,五段-ワア行,命令形
123,助動詞,*,*,*,五段-ワア行,意志推量形
124,助動詞,*,*,*,五段-ワア行,未然形-一般
125,助動詞,*,*,*,五段-ワア行,終止形-一般
126,助動詞,*,*,*,五段-ワア行,連体形-一般
127,助動詞,*,*,*,五段-ワア行,連用形-ウ音便
128,助動詞,*,*,*,五段-ワア行,連用形-一般
129,助動詞,*,*,*,五段-ワア行,連用形-促音便
130,助動詞,*,*,*,助動詞-ジャ,意志推量形
131,助動詞,*,*,*,助動詞-ジャ,終止形-一般
132,助動詞,*,*,*,助動詞-ジャ,連用形-一般
133,助動詞,*,*,*,助動詞-タ,仮定形-一般
134,助動詞,*,*,*,助動詞-タ,意志推量形
135,助動詞,*,*,*,助動詞-タ,未然形-一般
136,助動詞,*,*,*,助動詞-タ,終止形-一般
137,助動詞,*,*,*,助動詞-タ,連体形-一般
138,助動詞,*,*,*,助動詞-タイ,仮定形-一般
139,助動詞,*,*,*,助動詞-タイ,仮定形-融合
140,助動詞,*,*,*,助動詞-タイ,意志推量形
141,助動詞,*,*,*,助動詞-タイ,未然形-一般
142,助動詞,*,*,*,助動詞-タイ,終止形-一般
143,助動詞,*,*,*,助動詞-タイ,語幹-一般
144,助動詞,*,*,*,助動詞-タイ,連体形-一般
145,助動詞,*,*,*,助動詞-タイ,連用形-ウ音便
146,助動詞,*,*,*,助動詞-タイ,連用形-一般
147,助動詞,*,*,*,助動詞-タイ,連用形-促音便
148,助動詞,*,*,*,助動詞-タイ,連用形-融合
149,助動詞,*,*,*,助動詞-ダ,仮定形-一般
150,助動詞,*,*,*,助動詞-ダ,意志推量形
151,助動詞,*,*,*,助動詞-ダ,未然形-一般
152,助動詞,*,*,*,助動詞-ダ,終止形-一般
153,助動詞,*,*,*,助動詞-ダ,終止形-融合
154,助動詞,*,*,*,助動詞-ダ,連体形-一般
155,助動詞,*,*,*,助動詞-ダ,連用形-ニ
156,助動詞,*,*,*,助動詞-ダ,連用形-一般
157,助動詞,*,*,*,助動詞-ダ,連用形-促音便
158,助動詞,*,*,*,助動詞-ダ,連用形-撥音便
159,助動詞,*,*,*,助動詞-ダ,連用形-融合
160,助動詞,*,*,*,助動詞-デス,意志推量形
161,助動詞,*,*,*,助動詞-デス,終止形-一般
162,助動詞,*,*,*,助動詞-デス,終止形-促音便
163,助動詞,*,*,*,助動詞-デス,終止形-撥音便
164,助動詞,*,*,*,助動詞-デス,連体形-一般
165,助動詞,*,*,*,助動詞-デス,連体形-撥音便
166,助動詞,*,*,*,助動詞-デス,連用形-一般
167,助動詞,*,*,*,助動詞-ドス,意志推量形
168,助動詞,*,*,*,助動詞-ドス,終止形-一般
169,助動詞,*,*,*,助動詞-ドス,連用形-一般
170,助動詞,*,*,*,助動詞-ナイ,仮定形-一般
171,助動詞,*,*,*,助動詞-ナイ,仮定形-融合
172,助動詞,*,*,*,助動詞-ナイ,意志推量形
173,助動詞,*,*,*,助動詞-ナイ,未然形-一般
174,助動詞,*,*,*,助動詞-ナイ,終止形-一般
175,助動詞,*,*,*,助動詞-ナイ,語幹-一般
176,助動詞,*,*,*,助動詞-ナイ,連体形-一般
177,助動詞,*,*,*,助動詞-ナイ,連用形-一般
178,助動詞,*,*,*,助動詞-ナイ,連用形-促音便
179,助動詞,*,*,*,助動詞-ナンダ,仮定形-一般
180,助動詞,*,*,*,助動詞-ナンダ,未然形-一般
181,助動詞,*,*,*,助動詞-ナンダ,終止形-一般
182,助動詞,*,*,*,助動詞-ナンダ,連体形-一般
183,助動詞,*,*,*,助動詞-ナンダ,連用形-一般
184,助動詞,*,*,*,助動詞-ヌ,仮定形-一般
185,助動詞,*,*,*,助動詞-ヌ,仮定形-融合
186,助動詞,*,*,*,助動詞-ヌ,終止形-一般
187,助動詞,*,*,*,助動詞-ヌ,終止形-撥音便
188,助動詞,*,*,*,助動詞-ヌ,連体形-一般
189,助動詞,*,*,*,助動詞-ヌ,連体形-撥音便
190,助動詞,*,*,*,助動詞-ヌ,連体形-補助
191,助動詞,*,*,*,助動詞-ヌ,連用形-一般
192,助動詞,*,*,*,助動詞-ヘン,終止形-一般
193,助動詞,*,*,*,助動詞-ヘン,連体形-一般
194,助動詞,*,*,*,助動詞-ヘン,連用形-一般
195,助動詞,*,*,*,助動詞-マイ,終止形-一般
196,助動詞,*,*,*,助動詞-マイ,連体形-一般
197,助動詞,*,*,*,助動詞-マス,仮定形-一般
198,助動詞,*,*,*,助動詞-マス,命令形
199,助動詞,*,*,*,助動詞-マス,意志推量形
200,助動詞,*,*,*,助動詞-マス,未然形-一般
201,助動詞,*,*,*,助動詞-マス,終止形-一般
202,助動詞,*,*,*,助動詞-マス,終止形-促音便
203,助動詞,*,*,*,助動詞-マス,終止形-撥音便
204,助動詞,*,*,*,助動詞-マス,終止形-融合
205,助動詞,*,*,*,助動詞-マス,連体形-一般
206,助動詞,*,*,*,助動詞-マス,連体形-撥音便
207,助動詞,*,*,*,助動詞-マス,連用形-一般
208,助動詞,*,*,*,助動詞-ヤ,意志推量形
209,助動詞,*,*,*,助動詞-ヤ,終止形-一般
210,助動詞,*,*,*,助動詞-ヤ,連用形-促音便
211,助動詞,*,*,*,助動詞-ヤス,仮定形-一般
212,助動詞,*,*,*,助動詞-ヤス,命令形
213,助動詞,*,*,*,助動詞-ヤス,意志推量形
214,助動詞,*,*,*,助動詞-ヤス,未然形-一般
215,助動詞,*,*,*,助動詞-ヤス,終止形-一般
216,助動詞,*,*,*,助動詞-ヤス,連体形-一般
217,助動詞,*,*,*,助動詞-ヤス,連用形-一般
218,助動詞,*,*,*,助動詞-ラシイ,仮定形-一般
219,助動詞,*,*,*,助動詞-ラシイ,仮定形-融合
220,助動詞,*,*,*,助動詞-ラシイ,終止形-一般
221,助動詞,*,*,*,助動詞-ラシイ,語幹-一般
222,助動詞,*,*,*,助動詞-ラシイ,連体形-一般
223,助動詞,*,*,*,助動詞-ラシイ,連用形-ウ音便
224,助動詞,*,*,*,助動詞-ラシイ,連用形-一般
225,助動詞,*,*,*,助動詞-ラシイ,連用形-促音便
226,助動詞,*,*,*,助動詞-レル,仮定形-一般
227,助動詞,*,*,*,助動詞-レル,仮定形-融合
228,助動詞,*,*,*,助動詞-レル,命令形
229,助動詞,*,*,*,助動詞-レル,意志推量形
230,助動詞,*,*,*,助動詞-レル,未然形-一般
231,助動詞,*,*,*,助動詞-レル,未然形-撥音便
232,助動詞,*,*,*,助動詞-レル,終止形-一般
233,助動詞,*,*,*,助動詞-レル,終止形-撥音便
234,助動詞,*,*,*,助動詞-レル,連体形-一般
235,助動詞,*,*,*,助動詞-レル,連用形-一般
236,助動詞,*,*,*,文語下二段-サ行,命令形
237,助動詞,*,*,*,文語下二段-サ行,已然形-一般
238,助動詞,*,*,*,文語下二段-サ行,未然形-一般
239,助動詞,*,*,*,文語下二段-サ行,終止形-一般
240,助動詞,*,*,*,文語下二段-サ行,連体形-一般
241,助動詞,*,*,*,文語下二段-サ行,連用形-一般
242,助動詞,*,*,*,文語下二段-マ行,命令形
243,助動詞,*,*,*,文語下二段-マ行,已然形-一般
244,助動詞,*,*,*,文語下二段-マ行,未然形-一般
245,助動詞,*,*,*,文語下二段-マ行,終止形-一般
246,助動詞,*,*,*,文語下二段-マ行,連体形-一般
247,助動詞,*,*,*,文語下二段-マ行,連用形-一般
248,助動詞,*,*,*,文語下二段-ラ行,命令形
249,助動詞,*,*,*,文語下二段-ラ行,已然形-一般
250,助動詞,*,*,*,文語下二段-ラ行,未然形-一般
251,助動詞,*,*,*,文語下二段-ラ行,終止形-一般
252,助動詞,*,*,*,文語下二段-ラ行,連体形-一般
253,助動詞,*,*,*,文語下二段-ラ行,連用形-一般
254,助動詞,*,*,*,文語助動詞-キ,已然形-一般
255,助動詞,*,*,*,文語助動詞-キ,未然形-一般
256,助動詞,*,*,*,文語助動詞-キ,終止形-一般
257,助動詞,*,*,*,文語助動詞-キ,連体形-一般
258,助動詞,*,*,*,文語助動詞-ケム,已然形-一般
259,助動詞,*,*,*,文語助動詞-ケム,終止形-一般
260,助動詞,*,*,*,文語助動詞-ケム,終止形-撥音便
261,助動詞,*,*,*,文語助動詞-ケム,連体形-一般
262,助動詞,*,*,*,文語助動詞-ケム,連体形-撥音便
263,助動詞,*,*,*,文語助動詞-ケリ,ク語法
264,助動詞,*,*,*,文語助動詞-ケリ,已然形-一般
265,助動詞,*,*,*,文語助動詞-ケリ,未然形-一般
266,助動詞,*,*,*,文語助動詞-ケリ,終止形-一般
267,助動詞,*,*,*,文語助動詞-ケリ,連体形-一般
268,助動詞,*,*,*,文語助動詞-ゴトシ,終止形-一般
269,助動詞,*,*,*,文語助動詞-ゴトシ,連体形-一般
270,助動詞,*,*,*,文語助動詞-ゴトシ,連用形-一般
271,助動詞,*,*,*,文語助動詞-ゴトシ,連用形-補助
272,助動詞,*,*,*,文語助動詞-ザマス,未然形-一般
273,助動詞,*,*,*,文語助動詞-ザマス,終止形-一般
274,助動詞,*,*,*,文語助動詞-ザマス,連体形-一般
275,助動詞,*,*,*,文語助動詞-ザマス,連用形-一般
276,助動詞,*,*,*,文語助動詞-ザンス,已然形-一般
277,助動詞,*,*,*,文語助動詞-ザンス,未然形-一般
278,助動詞,*,*,*,文語助動詞-ザンス,終止形-一般
279,助動詞,*,*,*,文語助動詞-ザンス,連体形-一般
280,助動詞,*,*,*,文語助動詞-ザンス,連用形-一般
281,助動詞,*,*,*,文語助動詞-ジ,已然形-一般
282,助動詞,*,*,*,文語助動詞-ジ,終止形-一般
283,助動詞,*,*,*,文語助動詞-ジ,連体形-一般
284,助動詞,*,*,*,文語助動詞-ズ,ク語法
285,助動詞,*,*,*,文語助動詞-ズ,命令形
286,助動詞,*,*,*,文語助動詞-ズ,已然形-一般
287,助動詞,*,*,*,文語助動詞-ズ,已然形-補助
288,助動詞,*,*,*,文語助動詞-ズ,意志推量形
289,助動詞,*,*,*,文語助動詞-ズ,未然形-一般
290,助動詞,*,*,*,文語助動詞-ズ,未然形-補助
291,助動詞,*,*,*,文語助動詞-ズ,終止形-一般
292,助動詞,*,*,*,文語助動詞-ズ,連体形-一般
293,助動詞,*,*,*,文語助動詞-ズ,連体形-撥音便
294,助動詞,*,*,*,文語助動詞-ズ,連体形-補助
295,助動詞,*,*,*,文語助動詞-ズ,連用形-ニ
296,助動詞,*,*,*,文語助動詞-ズ,連用形-一般
297,助動詞,*,*,*,文語助動詞-ズ,連用形-補助
298,助動詞,*,*,*,文語助動詞-タリ-完了,命令形
299,助動詞,*,*,*,文語助動詞-タリ-完了,已然形-一般
300,助動詞,*,*,*,文語助動詞-タリ-完了,意志推量形
301,助動詞,*,*,*,文語助動詞-タリ-完了,未然形-一般
302,助動詞,*,*,*,文語助動詞-タリ-完了,終止形-一般
303,助動詞,*,*,*,文語助動詞-タリ-完了,連体形-一般
304,助動詞,*,*,*,文語助動詞-タリ-完了,連体形-撥音便
305,助動詞,*,*,*,文語助動詞-タリ-完了,連用形-一般
306,助動詞,*,*,*,文語助動詞-タリ-断定,命令形
307,助動詞,*,*,*,文語助動詞-タリ-断定,已然形-一般
308,助動詞,*,*,*,文語助動詞-タリ-断定,意志推量形
309,助動詞,*,*,*,文語助動詞-タリ-断定,未然形-一般
310,助動詞,*,*,*,文語助動詞-タリ-断定,終止形-一般
311,助動詞,*,*,*,文語助動詞-タリ-断定,連体形-一般
312,助動詞,*,*,*,文語助動詞-タリ-断定,連用形-ト
313,助動詞,*,*,*,文語助動詞-タリ-断定,連用形-一般
314,助動詞,*,*,*,文語助動詞-ツ,命令形
315,助動詞,*,*,*,文語助動詞-ツ,已然形-一般
316,助動詞,*,*,*,文語助動詞-ツ,未然形-一般
317,助動詞,*,*,*,文語助動詞-ツ,終止形-一般
318,助動詞,*,*,*,文語助動詞-ツ,連体形-一般
319,助動詞,*,*,*,文語助動詞-ツ,連用形-一般
320,助動詞,*,*,*,文語助動詞-ナリ-伝聞,ク語法
321,助動詞,*,*,*,文語助動詞-ナリ-伝聞,已然形-一般
322,助動詞,*,*,*,文語助動詞-ナリ-伝聞,意志推量形
323,助動詞,*,*,*,文語助動詞-ナリ-伝聞,未然形-一般
324,助動詞,*,*,*,文語助動詞-ナリ-伝聞,終止形-一般
325,助動詞,*,*,*,文語助動詞-ナリ-伝聞,連体形-一般
326,助動詞,*,*,*,文語助動詞-ナリ-伝聞,連用形-一般
327,助動詞,*,*,*,文語助動詞-ナリ-断定,命令形
328,助動詞,*,*,*,文語助動詞-ナリ-断定,已然形-一般
329,助動詞,*,*,*,文語助動詞-ナリ-断定,意志推量形
330,助動詞,*,*,*,文語助動詞-ナリ-断定,未然形-一般
331,助動詞,*,*,*,文語助動詞-ナリ-断定,終止形-一般
332,助動詞,*,*,*,文語助動詞-ナリ-断定,連体形-一般
333,助動詞,*,*,*,文語助動詞-ナリ-断定,連体形-撥音便
334,助動詞,*,*,*,文語助動詞-ナリ-断定,連用形-ニ
335,助動詞,*,*,*,文語助動詞-ナリ-断定,連用形-一般
336,助動詞,*,*,*,文語助動詞-ヌ,命令形
337,助動詞,*,*,*,文語助動詞-ヌ,已然形-一般
338,助動詞,*,*,*,文語助動詞-ヌ,未然形-一般
339,助動詞,*,*,*,文語助動詞-ヌ,終止形-一般
340,助動詞,*,*,*,文語助動詞-ヌ,連体形-一般
341,助動詞,*,*,*,文語助動詞-ヌ,連用形-一般
342,助動詞,*,*,*,文語助動詞-ベシ,已然形-一般
343,助動詞,*,*,*,文語助動詞-ベシ,意志推量形
344,助動詞,*,*,*,文語助動詞-ベシ,未然形-一般
345,助動詞,*,*,*,文語助動詞-ベシ,未然形-補助
346,助動詞,*,*,*,文語助動詞-ベシ,終止形-一般
347,助動詞,*,*,*,文語助動詞-ベシ,連体形-イ音便
348,助動詞,*,*,*,文語助動詞-ベシ,連体形-一般
349,助動詞,*,*,*,文語助動詞-ベシ,連体形-撥音便
350,助動詞,*,*,*,文語助動詞-ベシ,連体形-補助
351,助動詞,*,*,*,文語助動詞-ベシ,連用形-ウ音便
352,助動詞,*,*,*,文語助動詞-ベシ,連用形-一般
353,助動詞,*,*,*,文語助動詞-ベシ,連用形-補助
354,助動詞,*,*,*,文語助動詞-マジ,已然形-一般
355,助動詞,*,*,*,文語助動詞-マジ,意志推量形
356,助動詞,*,*,*,文語助動詞-マジ,未然形-一般
357,助動詞,*,*,*,文語助動詞-マジ,未然形-補助
358,助動詞,*,*,*,文語助動詞-マジ,終止形-一般
359,助動詞,*,*,*,文語助動詞-マジ,連体形-一般
360,助動詞,*,*,*,文語助動詞-マジ,連体形-撥音便
361,助動詞,*,*,*,文語助動詞-マジ,連体形-補助
362,助動詞,*,*,*,文語助動詞-マジ,連用形-ウ音便
363,助動詞,*,*,*,文語助動詞-マジ,連用形-一般
364,助動詞,*,*,*,文語助動詞-マジ,連用形-補助
365,助動詞,*,*,*,文語助動詞-ム,ク語法
366,助動詞,*,*,*,文語助動詞-ム,已然形-一般
367,助動詞,*,*,*,文語助動詞-ム,未然形-一般
368,助動詞,*,*,*,文語助動詞-ム,終止形-一般
369,助動詞,*,*,*,文語助動詞-ム,終止形-撥音便
370,助動詞,*,*,*,文語助動詞-ム,連体形-一般
371,助動詞,*,*,*,文語助動詞-ム,連体形-撥音便
372,助動詞,*,*,*,文語助動詞-ラシ,意志推量形
373,助動詞,*,*,*,文語助動詞-ラシ,未然形-補助
374,助動詞,*,*,*,文語助動詞-ラシ,終止形-一般
375,助動詞,*,*,*,文語助動詞-ラシ,連体形-一般
376,助動詞,*,*,*,文語助動詞-ラシ,連体形-補助
377,助動詞,*,*,*,文語助動詞-ラシ,連用形-ウ音便
378,助動詞,*,*,*,文語助動詞-ラシ,連用形-一般
379,助動詞,*,*,*,文語助動詞-ラシ,連用形-補助
380,助動詞,*,*,*,文語助動詞-ラム,已然形-一般
381,助動詞,*,*,*,文語助動詞-ラム,終止形-一般
382,助動詞,*,*,*,文語助動詞-ラム,終止形-撥音便
383,助動詞,*,*,*,文語助動詞-ラム,連体形-一般
384,助動詞,*,*,*,文語助動詞-ラム,連体形-撥音便
385,助動詞,*,*,*,文語助動詞-リ,ク語法
386,助動詞,*,*,*,文語助動詞-リ,命令形
387,助動詞,*,*,*,文語助動詞-リ,已然形-一般
388,助動詞,*,*,*,文語助動詞-リ,未然形-一般
389,助動詞,*,*,*,文語助動詞-リ,終止形-一般
390,助動詞,*,*,*,文語助動詞-リ,連体形-一般
391,助動詞,*,*,*,文語助動詞-リ,連用形-一般
392,助動詞,*,*,*,文語助動詞-ンス,命令形
393,助動詞,*,*,*,文語助動詞-ンス,已然形-一般
394,助動詞,*,*,*,文語助動詞-ンス,未然形-一般
395,助動詞,*,*,*,文語助動詞-ンス,終止形-一般
396,助動詞,*,*,*,文語助動詞-ンス,連体形-一般
397,助動詞,*,*,*,文語助動詞-ンス,連用形-一般
398,助動詞,*,*,*,文語形容詞-ク,命令形
399,助動詞,*,*,*,文語形容詞-ク,已然形-一般
400,助動詞,*,*,*,文語形容詞-ク,已然形-補助
401,助動詞,*,*,*,文語形容詞-ク,意志推量形
402,助動詞,*,*,*,文語形容詞-ク,未然形-一般
403,助動詞,*,*,*,文語形容詞-ク,未然形-補助
404,助動詞,*,*,*,文語形容詞-ク,終止形-一般
405,助動詞,*,*,*,文語形容詞-ク,連体形-イ音便
406,助動詞,*,*,*,文語形容詞-ク,連体形-一般
407,助動詞,*,*,*,文語形容詞-ク,連体形-撥音便
408,助動詞,*,*,*,文語形容詞-ク,連体形-補助
409,助動詞,*,*,*,文語形容詞-ク,連用形-ウ音便
410,助動詞,*,*,*,文語形容詞-ク,連用形-一般
411,助動詞,*,*,*,文語形容詞-ク,連用形-補助
412,助動詞,*,*,*,無変化型,終止形-一般
413,助詞,係助詞,*,*,*,*
414,助詞,副助詞,*,*,*,*
415,助詞,接続助詞,*,*,*,*
416,助詞,格助詞,*,*,*,*
417,助詞,準体助詞,*,*,*,*
418,助詞,終助詞,*,*,*,*
419,動詞,一般,*,*,カ行変格,仮定形-一般
420,動詞,一般,*,*,カ行変格,仮定形-融合
421,動詞,一般,*,*,カ行変格,命令形
422,動詞,一般,*,*,カ行変格,意志推量形
423,動詞,一般,*,*,カ行変格,未然形-一般
424,動詞,一般,*,*,カ行変格,終止形-一般
425,動詞,一般,*,*,カ行変格,終止形-撥音便
426,動詞,一般,*,*,カ行変格,連体形-一般
427,動詞,一般,*,*,カ行変格,連体形-撥音便
428,動詞,一般,*,*,カ行変格,連体形-省略
429,動詞,一般,*,*,カ行変格,連用形-一般
430,動詞,一般,*,*,サ行変格,仮定形-一般
431,動詞,一般,*,*,サ行変格,仮定形-融合
432,動詞,一般,*,*,サ行変格,命令形
433,動詞,一般,*,*,サ行変格,意志推量形
434,動詞,一般,*,*,サ行変格,未然形-セ
435,動詞,一般,*,*,サ行変格,未然形-一般
436,動詞,一般,*,*,サ行変格,終止形-一般
437,動詞,一般,*,*,サ行変格,終止形-撥音便
438,動詞,一般,*,*,サ行変格,連体形-一般
439,動詞,一般,*,*,サ行変格,連体形-撥音便
440,動詞,一般,*,*,サ行変格,連用形-一般
441,動詞,一般,*,*,上一段-ア行,仮定形-一般
442,動詞,一般,*,*,上一段-ア行,仮定形-融合
443,動詞,一般,*,*,上一段-ア行,命令形
444,動詞,一般,*,*,上一段-ア行,意志推量形
445,動詞,一般,*,*,上一段-ア行,未然形-一般
446,動詞,一般,*,*,上一段-ア行,終止形-一般
447,動詞,一般,*,*,上一段-ア行,終止形-撥音便
448,動詞,一般,*,*,上一段-ア行,連体形-一般
449,動詞,一般,*,*,上一段-ア行,連体形-撥音便
450,動詞,一般,*,*,上一段-ア行,連用形-一般
451,動詞,一般,*,*,上一段-カ行,仮定形-一般
452,動詞,一般,*,*,上一段-カ行,仮定形-融合
453,動詞,一般,*,*,上一段-カ行,命令形
454,動詞,一般,*,*,上一段-カ行,意志推量形
455,動詞,一般,*,*,上一段-カ行,未然形-一般
456,動詞,一般,*,*,上一段-カ行,終止形-一般
457,動詞,一般,*,*,上一段-カ行,終止形-撥音便
458,動詞,一般,*,*,上一段-カ行,連体形-一般
459,動詞,一般,*,*,上一段-カ行,連体形-撥音便
460,動詞,一般,*,*,上一段-カ行,連体形-省略
461,動詞,一般,*,*,上一段-カ行,連用形-一般
462,動詞,一般,*,*,上一段-ガ行,仮定形-一般
463,動詞,一般,*,*,上一段-ガ行,仮定形-融合
464,動詞,一般,*,*,上一段-ガ行,命令形
465,動詞,一般,*,*,上一段-ガ行,意志推量形
466,動詞,一般,*,*,上一段-ガ行,未然形-一般
467,動詞,一般,*,*,上一段-ガ行,終止形-一般
468,動詞,一般,*,*,上一段-ガ行,終止形-撥音便
469,動詞,一般,*,*,上一段-ガ行,連体形-一般
470,動詞,一般,*,*,上一段-ガ行,連体形-撥音便
471,動詞,一般,*,*,上一段-ガ行,連用形-一般
472,動詞,一般,*,*,上一段-ザ行,仮定形-一般
473,動詞,一般,*,*,上一段-ザ行,仮定形-融合
474,動詞,一般,*,*,上一段-ザ行,命令形
475,動詞,一般,*,*,上一段-ザ行,意志推量形
476,動詞,一般,*,*,上一段-ザ行,未然形-一般
477,動詞,一般,*,*,上一段-ザ行,終止形-一般
478,動詞,一般,*,*,上一段-ザ行,終止形-撥音便
479,動詞,一般,*,*,上一段-ザ行,連体形-一般
480,動詞,一般,*,*,上一段-ザ行,連体形-撥音便
481,動詞,一般,*,*,上一段-ザ行,連体形-省略
482,動詞,一般,*,*,上一段-ザ行,連用形-一般
483,動詞,一般,*,*,上一段-タ行,仮定形-一般
484,動詞,一般,*,*,上一段-タ行,仮定形-融合
485,動詞,一般,*,*,上一段-タ行,命令形
486,動詞,一般,*,*,上一段-タ行,意志推量形
487,動詞,一般,*,*,上一段-タ行,未然形-一般
488,動詞,一般,*,*,上一段-タ行,終止形-一般
489,動詞,一般,*,*,上一段-タ行,終止形-撥音便
490,動詞,一般,*,*,上一段-タ行,連体形-一般
491,動詞,一般,*,*,上一段-タ行,連体形-撥音便
492,動詞,一般,*,*,上一段-タ行,連用形-一般
493,動詞,一般,*,*,上一段-タ行,連用形-促音便
494,動詞,一般,*,*,上一段-ナ行,仮定形-一般
495,動詞,一般,*,*,上一段-ナ行,仮定形-融合
496,動詞,一般,*,*,上一段-ナ行,命令形
497,動詞,一般,*,*,上一段-ナ行,意志推量形
498,動詞,一般,*,*,上一段-ナ行,未然形-一般
499,動詞,一般,*,*,上一段-ナ行,終止形-一般
500,動詞,一般,*,*,上一段-ナ行,終止形-撥音便
501,動詞,一般,*,*,上一段-ナ行,連体形-一般
502,動詞,一般,*,*,上一段-ナ行,連体形-撥音便
503,動詞,一般,*,*,上一段-ナ行,連用形-一般
504,動詞,一般,*,*,上一段-ハ行,仮定形-一般
505,動詞,一般,*,*,上一段-ハ行,仮定形-融合
506,動詞,一般,*,*,上一段-ハ行,命令形
507,動詞,一般,*,*,上一段-ハ行,意志推量形
508,動詞,一般,*,*,上一段-ハ行,未然形-一般
509,動詞,一般,*,*,上一段-ハ行,終止形-一般
510,動詞,一般,*,*,上一段-ハ行,終止形-撥音便
511,動詞,一般,*,*,上一段-ハ行,連体形-一般
512,動詞,一般,*,*,上一段-ハ行,連体形-撥音便
513,動詞,一般,*,*,上一段-ハ行,連用形-一般
514,動詞,一般,*,*,上一段-バ行,仮定形-一般
515,動詞,一般,*,*,上一段-バ行,仮定形-融合
516,動詞,一般,*,*,上一段-バ行,命令形
517,動詞,一般,*,*,上一段-バ行,意志推量形
518,動詞,一般,*,*,上一段-バ行,未然形-一般
519,動詞,一般,*,*,上一段-バ行,終止形-一般
520,動詞,一般,*,*,上一段-バ行,終止形-撥音便
521,動詞,一般,*,*,上一段-バ行,連体形-一般
522,動詞,一般,*,*,上一段-バ行,連体形-撥音便
523,動詞,一般,*,*,上一段-バ行,連用形-一般
524,動詞,一般,*,*,上一段-バ行,連用形-撥音便
525,動詞,一般,*,*,上一段-マ行,仮定形-一般
526,動詞,一般,*,*,上一段-マ行,仮定形-融合
527,動詞,一般,*,*,上一段-マ行,命令形
528,動詞,一般,*,*,上一段-マ行,意志推量形
529,動詞,一般,*,*,上一段-マ行,未然形-一般
530,動詞,一般,*,*,上一段-マ行,終止形-一般
531,動詞,一般,*,*,上一段-マ行,終止形-撥音便
532,動詞,一般,*,*,上一段-マ行,連体形-一般
533,動詞,一般,*,*,上一段-マ行,連体形-撥音便
534,動詞,一般,*,*,上一段-マ行,連用形-一般
535,動詞,一般,*,*,上一段-ラ行,仮定形-一般
536,動詞,一般,*,*,上一段-ラ行,仮定形-融合
537,動詞,一般,*,*,上一段-ラ行,命令形
538,動詞,一般,*,*,上一段-ラ行,意志推量形
539,動詞,一般,*,*,上一段-ラ行,未然形-一般
540,動詞,一般,*,*,上一段-ラ行,未然形-撥音便
541,動詞,一般,*,*,上一段-ラ行,終止形-一般
542,動詞,一般,*,*,上一段-ラ行,終止形-撥音便
543,動詞,一般,*,*,上一段-ラ行,連体形-一般
544,動詞,一般,*,*,上一段-ラ行,連体形-撥音便
545,動詞,一般,*,*,上一段-ラ行,連用形-一般
546,動詞,一般,*,*,下一段-ア行,仮定形-一般
547,動詞,一般,*,*,下一段-ア行,仮定形-融合
548,動詞,一般,*,*,下一段-ア行,命令形
549,動詞,一般,*,*,下一段-ア行,意志推量形
550,動詞,一般,*,*,下一段-ア行,未然形-一般
551,動詞,一般,*,*,下一段-ア行,終止形-一般
552,動詞,一般,*,*,下一段-ア行,終止形-促音便
553,動詞,一般,*,*,下一段-ア行,終止形-撥音便
554,動詞,一般,*,*,下一段-ア行,連体形-一般
555,動詞,一般,*,*,下一段-ア行,連体形-撥音便
556,動詞,一般,*,*,下一段-ア行,連体形-省略
557,動詞,一般,*,*,下一段-ア行,連用形-一般
558,動詞,一般,*,*,下一段-ア行,連用形-一般+送り仮名省略
559,動詞,一般,*,*,下一段-カ行,仮定形-一般
560,動詞,一般,*,*,下一段-カ行,仮定形-融合
561,動詞,一般,*,*,下一段-カ行,命令形
562,動詞,一般,*,*,下一段-カ行,意志推量形
563,動詞,一般,*,*,下一段-カ行,未然形-一般
564,動詞,一般,*,*,下一段-カ行,終止形-一般
565,動詞,一般,*,*,下一段-カ行,終止形-撥音便
566,動詞,一般,*,*,下一段-カ行,連体形-一般
567,動詞,一般,*,*,下一段-カ行,連体形-撥音便
568,動詞,一般,*,*,下一段-カ行,連用形-一般
569,動詞,一般,*,*,下一段-ガ行,仮定形-一般
570,動詞,一般,*,*,下一段-ガ行,仮定形-融合
571,動詞,一般,*,*,下一段-ガ行,命令形
572,動詞,一般,*,*,下一段-ガ行,意志推量形
573,動詞,一般,*,*,下一段-ガ行,未然形-一般
574,動詞,一般,*,*,下一段-ガ行,終止形-一般
575,動詞,一般,*,*,下一段-ガ行,終止形-撥音便
576,動詞,一般,*,*,下一段-ガ行,連体形-一般
577,動詞,一般,*,*,下一段-ガ行,連体形-撥音便
578,動詞,一般,*,*,下一段-ガ行,連用形-一般
579,動詞,一般,*,*,下一段-サ行,仮定形-一般
580,動詞,一般,*,*,下一段-サ行,仮定形-融合
581,動詞,一般,*,*,下一段-サ行,命令形
582,動詞,一般,*,*,下一段-サ行,意志推量形
583,動詞,一般,*,*,下一段-サ行,未然形-一般
584,動詞,一般,*,*,下一段-サ行,終止形-一般
585,動詞,一般,*,*,下一段-サ行,終止形-撥音便
586,動詞,一般,*,*,下一段-サ行,連体形-一般
587,動詞,一般,*,*,下一段-サ行,連体形-撥音便
588,動詞,一般,*,*,下一段-サ行,連体形-省略
589,動詞,一般,*,*,下一段-サ行,連用形-一般
590,動詞,一般,*,*,下一段-ザ行,仮定形-一般
591,動詞,一般,*,*,下一段-ザ行,仮定形-融合
592,動詞,一般,*,*,下一段-ザ行,命令形
593,動詞,一般,*,*,下一段-ザ行,意志推量形
594,動詞,一般,*,*,下一段-ザ行,未然形-一般
595,動詞,一般,*,*,下一段-ザ行,終止形-一般
596,動詞,一般,*,*,下一段-ザ行,終止形-撥音便
597,動詞,一般,*,*,下一段-ザ行,連体形-一般
598,動詞,一般,*,*,下一段-ザ行,連体形-撥音便
599,動詞,一般,*,*,下一段-ザ行,連用形-一般
600,動詞,一般,*,*,下一段-タ行,仮定形-一般
601,動詞,一般,*,*,下一段-タ行,仮定形-融合
602,動詞,一般,*,*,下一段-タ行,命令形
603,動詞,一般,*,*,下一段-タ行,意志推量形
604,動詞,一般,*,*,下一段-タ行,未然形-一般
605,動詞,一般,*,*,下一段-タ行,終止形-一般
606,動詞,一般,*,*,下一段-タ行,終止形-撥音便
607,動詞,一般,*,*,下一段-タ行,連体形-一般
608,動詞,一般,*,*,下一段-タ行,連体形-撥音便
609,動詞,一般,*,*,下一段-タ行,連用形-一般
610,動詞,一般,*,*,下一段-ダ行,仮定形-一般
611,動詞,一般,*,*,下一段-ダ行,仮定形-融合
612,動詞,一般,*,*,下一段-ダ行,命令形
613,動詞,一般,*,*,下一段-ダ行,意志推量形
614,動詞,一般,*,*,下一段-ダ行,未然形-一般
615,動詞,一般,*,*,下一段-ダ行,終止形-一般
616,動詞,一般,*,*,下一段-ダ行,終止形-撥音便
617,動詞,一般,*,*,下一段-ダ行,連体形-一般
618,動詞,一般,*,*,下一段-ダ行,連体形-撥音便
619,動詞,一般,*,*,下一段-ダ行,連用形-一般
620,動詞,一般,*,*,下一段-ナ行,仮定形-一般
621,動詞,一般,*,*,下一段-ナ行,仮定形-融合
622,動詞,一般,*,*,下一段-ナ行,命令形
623,動詞,一般,*,*,下一段-ナ行,意志推量形
624,動詞,一般,*,*,下一段-ナ行,未然形-一般
625,動詞,一般,*,*,下一段-ナ行,終止形-一般
626,動詞,一般,*,*,下一段-ナ行,終止形-撥音便
627,動詞,一般,*,*,下一段-ナ行,連体形-一般
628,動詞,一般,*,*,下一段-ナ行,連体形-撥音便
629,動詞,一般,*,*,下一段-ナ行,連用形-一般
630,動詞,一般,*,*,下一段-ハ行,仮定形-一般
631,動詞,一般,*,*,下一段-ハ行,仮定形-融合
632,動詞,一般,*,*,下一段-ハ行,命令形
633,動詞,一般,*,*,下一段-ハ行,意志推量形
634,動詞,一般,*,*,下一段-ハ行,未然形-一般
635,動詞,一般,*,*,下一段-ハ行,終止形-一般
636,動詞,一般,*,*,下一段-ハ行,終止形-撥音便
637,動詞,一般,*,*,下一段-ハ行,連体形-一般
638,動詞,一般,*,*,下一段-ハ行,連体形-撥音便
639,動詞,一般,*,*,下一段-ハ行,連用形-一般
640,動詞,一般,*,*,下一段-バ行,仮定形-一般
641,動詞,一般,*,*,下一段-バ行,仮定形-融合
642,動詞,一般,*,*,下一段-バ行,命令形
643,動詞,一般,*,*,下一段-バ行,意志推量形
644,動詞,一般,*,*,下一段-バ行,未然形-一般
645,動詞,一般,*,*,下一段-バ行,終止形-一般
646,動詞,一般,*,*,下一段-バ行,終止形-撥音便
647,動詞,一般,*,*,下一段-バ行,連体形-一般
648,動詞,一般,*,*,下一段-バ行,連体形-撥音便
649,動詞,一般,*,*,下一段-バ行,連用形-一般
650,動詞,一般,*,*,下一段-マ行,仮定形-一般
651,動詞,一般,*,*,下一段-マ行,仮定形-融合
652,動詞,一般,*,*,下一段-マ行,命令形
653,動詞,一般,*,*,下一段-マ行,意志推量形
654,動詞,一般,*,*,下一段-マ行,未然形-一般
655,動詞,一般,*,*,下一段-マ行,終止形-一般
656,動詞,一般,*,*,下一段-マ行,終止形-撥音便
657,動詞,一般,*,*,下一段-マ行,連体形-一般
658,動詞,一般,*,*,下一段-マ行,連体形-撥音便
659,動詞,一般,*,*,下一段-マ行,連用形-一般
660,動詞,一般,*,*,下一段-ラ行,仮定形-一般
661,動詞,一般,*,*,下一段-ラ行,仮定形-融合
662,動詞,一般,*,*,下一段-ラ行,命令形
663,動詞,一般,*,*,下一段-ラ行,意志推量形
664,動詞,一般,*,*,下一段-ラ行,未然形-一般
665,動詞,一般,*,*,下一段-ラ行,未然形-撥音便
666,動詞,一般,*,*,下一段-ラ行,終止形-一般
667,動詞,一般,*,*,下一段-ラ行,終止形-撥音便
668,動詞,一般,*,*,下一段-ラ行,連体形-一般
669,動詞,一般,*,*,下一段-ラ行,連体形-撥音便
670,動詞,一般,*,*,下一段-ラ行,連体形-省略
671,動詞,一般,*,*,下一段-ラ行,連用形-一般
672,動詞,一般,*,*,五段-カ行,仮定形-一般
673,動詞,一般,*,*,五段-カ行,仮定形-融合
674,動詞,一般,*,*,五段-カ行,命令形
675,動詞,一般,*,*,五段-カ行,意志推量形
676,動詞,一般,*,*,五段-カ行,未然形-一般
677,動詞,一般,*,*,五段-カ行,終止形-一般
678,動詞,一般,*,*,五段-カ行,連体形-一般
679,動詞,一般,*,*,五段-カ行,連用形-イ音便
680,動詞,一般,*,*,五段-カ行,連用形-一般
681,動詞,一般,*,*,五段-カ行,連用形-促音便
682,動詞,一般,*,*,五段-カ行,連用形-融合
683,動詞,一般,*,*,五段-ガ行,仮定形-一般
684,動詞,一般,*,*,五段-ガ行,仮定形-融合
685,動詞,一般,*,*,五段-ガ行,命令形
686,動詞,一般,*,*,五段-ガ行,意志推量形
687,動詞,一般,*,*,五段-ガ行,未然形-一般
688,動詞,一般,*,*,五段-ガ行,終止形-一般
689,動詞,一般,*,*,五段-ガ行,連体形-一般
690,動詞,一般,*,*,五段-ガ行,連用形-イ音便
691,動詞,一般,*,*,五段-ガ行,連用形-一般
692,動詞,一般,*,*,五段-ガ行,連用形-融合
693,動詞,一般,*,*,五段-サ行,仮定形-一般
694,動詞,一般,*,*,五段-サ行,仮定形-融合
695,動詞,一般,*,*,五段-サ行,命令形
696,動詞,一般,*,*,五段-サ行,意志推量形
697,動詞,一般,*,*,五段-サ行,未然形-一般
698,動詞,一般,*,*,五段-サ行,終止形-一般
699,動詞,一般,*,*,五段-サ行,連体形-一般
700,動詞,一般,*,*,五段-サ行,連用形-一般
701,動詞,一般,*,*,五段-サ行,連用形-融合
702,動詞,一般,*,*,五段-タ行,仮定形-一般
703,動詞,一般,*,*,五段-タ行,仮定形-融合
704,動詞,一般,*,*,五段-タ行,命令形
705,動詞,一般,*,*,五段-タ行,意志推量形
706,動詞,一般,*,*,五段-タ行,未然形-一般
707,動詞,一般,*,*,五段-タ行,終止形-一般
708,動詞,一般,*,*,五段-タ行,連体形-一般
709,動詞,一般,*,*,五段-タ行,連用形-一般
710,動詞,一般,*,*,五段-タ行,連用形-促音便
711,動詞,一般,*,*,五段-タ行,連用形-融合
712,動詞,一般,*,*,五段-ナ行,仮定形-一般
713,動詞,一般,*,*,五段-ナ行,仮定形-融合
714,動詞,一般,*,*,五段-ナ行,命令形
715,動詞,一般,*,*,五段-ナ行,意志推量形
716,動詞,一般,*,*,五段-ナ行,未然形-一般
717,動詞,一般,*,*,五段-ナ行,終止形-一般
718,動詞,一般,*,*,五段-ナ行,連体形-一般
719,動詞,一般,*,*,五段-ナ行,連用形-一般
720,動詞,一般,*,*,五段-ナ行,連用形-撥音便
721,動詞,一般,*,*,五段-ナ行,連用形-融合
722,動詞,一般,*,*,五段-バ行,仮定形-一般
723,動詞,一般,*,*,五段-バ行,仮定形-融合
724,動詞,一般,*,*,五段-バ行,命令形
725,動詞,一般,*,*,五段-バ行,意志推量形
726,動詞,一般,*,*,五段-バ行,未然形-一般
727,動詞,一般,*,*,五段-バ行,終止形-一般
728,動詞,一般,*,*,五段-バ行,連体形-一般
729,動詞,一般,*,*,五段-バ行,連用形-一般
730,動詞,一般,*,*,五段-バ行,連用形-撥音便
731,動詞,一般,*,*,五段-バ行,連用形-融合
732,動詞,一般,*,*,五段-マ行,仮定形-一般
733,動詞,一般,*,*,五段-マ行,仮定形-融合
734,動詞,一般,*,*,五段-マ行,命令形
735,動詞,一般,*,*,五段-マ行,意志推量形
736,動詞,一般,*,*,五段-マ行,未然形-一般
737,動詞,一般,*,*,五段-マ行,終止形-一般
738,動詞,一般,*,*,五段-マ行,連体形-一般
739,動詞,一般,*,*,五段-マ行,連用形-イ音便
740,動詞,一般,*,*,五段-マ行,連用形-一般
741,動詞,一般,*,*,五段-マ行,連用形-撥音便
742,動詞,一般,*,*,五段-マ行,連用形-融合
743,動詞,一般,*,*,五段-ラ行,仮定形-一般
744,動詞,一般,*,*,五段-ラ行,仮定形-融合
745,動詞,一般,*,*,五段-ラ行,命令形
746,動詞,一般,*,*,五段-ラ行,意志推量形
747,動詞,一般,*,*,五段-ラ行,未然形-一般
748,動詞,一般,*,*,五段-ラ行,未然形-撥音便
749,動詞,一般,*,*,五段-ラ行,終止形-一般
750,動詞,一般,*,*,五段-ラ行,終止形-撥音便
751,動詞,一般,*,*,五段-ラ行,連体形-一般
752,動詞,一般,*,*,五段-ラ行,連体形-一般+送り仮名省略
753,動詞,一般,*,*,五段-ラ行,連体形-撥音便
754,動詞,一般,*,*,五段-ラ行,連用形-イ音便
755,動詞,一般,*,*,五段-ラ行,連用形-一般
756,動詞,一般,*,*,五段-ラ行,連用形-促音便
757,動詞,一般,*,*,五段-ラ行,連用形-撥音便
758,動詞,一般,*,*,五段-ラ行,連用形-融合
759,動詞,一般,*,*,五段-ワア行,仮定形-一般
760,動詞,一般,*,*,五段-ワア行,仮定形-融合
761,動詞,一般,*,*,五段-ワア行,命令形
762,動詞,一般,*,*,五段-ワア行,意志推量形
763,動詞,一般,*,*,五段-ワア行,未然形-一般
764,動詞,一般,*,*,五段-ワア行,終止形-一般
765,動詞,一般,*,*,五段-ワア行,連体形-一般
766,動詞,一般,*,*,五段-ワア行,連用形-ウ音便
767,動詞,一般,*,*,五段-ワア行,連用形-一般
768,動詞,一般,*,*,五段-ワア行,連用形-促音便
769,動詞,一般,*,*,文語サ行変格,ク語法
770,動詞,一般,*,*,文語サ行変格,命令形
771,動詞,一般,*,*,文語サ行変格,已然形-一般
772,動詞,一般,*,*,文語サ行変格,未然形-一般
773,動詞,一般,*,*,文語サ行変格,終止形-一般
774,動詞,一般,*,*,文語サ行変格,連体形-一般
775,動詞,一般,*,*,文語サ行変格,連用形-一般
776,動詞,一般,*,*,文語ナ行変格,命令形
777,動詞,一般,*,*,文語ナ行変格,已然形-一般
778,動詞,一般,*,*,文語ナ行変格,意志推量形
779,動詞,一般,*,*,文語ナ行変格,未然形-一般
780,動詞,一般,*,*,文語ナ行変格,終止形-一般
781,動詞,一般,*,*,文語ナ行変格,連体形-一般
782,動詞,一般,*,*,文語ナ行変格,連用形-一般
783,動詞,一般,*,*,文語ナ行変格,連用形-撥音便
784,動詞,一般,*,*,文語ラ行変格,命令形
785,動詞,一般,*,*,文語ラ行変格,已然形-一般
786,動詞,一般,*,*,文語ラ行変格,意志推量形
787,動詞,一般,*,*,文語ラ行変格,未然形-一般
788,動詞,一般,*,*,文語ラ行変格,終止形-一般
789,動詞,一般,*,*,文語ラ行変格,終止形-撥音便
790,動詞,一般,*,*,文語ラ行変格,連体形-一般
791,動詞,一般,*,*,文語ラ行変格,連体形-撥音便
792,動詞,一般,*,*,文語ラ行変格,連用形-一般
793,動詞,一般,*,*,文語ラ行変格,連用形-促音便
794,動詞,一般,*,*,文語上一段-ナ行,命令形
795,動詞,一般,*,*,文語上一段-ナ行,已然形-一般
796,動詞,一般,*,*,文語上一段-ナ行,未然形-一般
797,動詞,一般,*,*,文語上一段-ナ行,終止形-一般
798,動詞,一般,*,*,文語上一段-ナ行,連体形-一般
799,動詞,一般,*,*,文語上一段-ナ行,連用形-一般
800,動詞,一般,*,*,文語上一段-マ行,命令形
801,動詞,一般,*,*,文語上一段-マ行,已然形-一般
802,動詞,一般,*,*,文語上一段-マ行,未然形-一般
803,動詞,一般,*,*,文語上一段-マ行,終止形-一般
804,動詞,一般,*,*,文語上一段-マ行,連体形-一般
805,動詞,一般,*,*,文語上一段-マ行,連用形-一般
806,動詞,一般,*,*,文語上一段-ワ行,命令形
807,動詞,一般,*,*,文語上一段-ワ行,已然形-一般
808,動詞,一般,*,*,文語上一段-ワ行,未然形-一般
809,動詞,一般,*,*,文語上一段-ワ行,終止形-一般
810,動詞,一般,*,*,文語上一段-ワ行,連体形-一般
811,動詞,一般,*,*,文語上一段-ワ行,連用形-一般
812,動詞,一般,*,*,文語上二段-タ行,命令形
813,動詞,一般,*,*,文語上二段-タ行,已然形-一般
814,動詞,一般,*,*,文語上二段-タ行,未然形-一般
815,動詞,一般,*,*,文語上二段-タ行,終止形-一般
816,動詞,一般,*,*,文語上二段-タ行,連体形-一般
817,動詞,一般,*,*,文語上二段-タ行,連用形-一般
818,動詞,一般,*,*,文語上二段-ダ行,命令形
819,動詞,一般,*,*,文語上二段-ダ行,已然形-一般
820,動詞,一般,*,*,文語上二段-ダ行,未然形-一般
821,動詞,一般,*,*,文語上二段-ダ行,終止形-一般
822,動詞,一般,*,*,文語上二段-ダ行,連体形-一般
823,動詞,一般,*,*,文語上二段-ダ行,連用形-一般
824,動詞,一般,*,*,文語上二段-ハ行,命令形
825,動詞,一般,*,*,文語上二段-ハ行,已然形-一般
826,動詞,一般,*,*,文語上二段-ハ行,未然形-一般
827,動詞,一般,*,*,文語上二段-ハ行,終止形-一般
828,動詞,一般,*,*,文語上二段-ハ行,連体形-一般
829,動詞,一般,*,*,文語上二段-ハ行,連用形-イ音便+送り仮名省略
830,動詞,一般,*,*,文語上二段-ハ行,連用形-一般
831,動詞,一般,*,*,文語上二段-バ行,命令形
832,動詞,一般,*,*,文語上二段-バ行,已然形-一般
833,動詞,一般,*,*,文語上二段-バ行,未然形-一般
834,動詞,一般,*,*,文語上二段-バ行,終止形-一般
835,動詞,一般,*,*,文語上二段-バ行,連体形-一般
836,動詞,一般,*,*,文語上二段-バ行,連用形-一般
837,動詞,一般,*,*,文語上二段-ヤ行,命令形
838,動詞,一般,*,*,文語上二段-ヤ行,已然形-一般
839,動詞,一般,*,*,文語上二段-ヤ行,未然形-一般
840,動詞,一般,*,*,文語上二段-ヤ行,終止形-一般
841,動詞,一般,*,*,文語上二段-ヤ行,連体形-一般
842,動詞,一般,*,*,文語上二段-ヤ行,連用形-一般
843,動詞,一般,*,*,文語上二段-ラ行,命令形
844,動詞,一般,*,*,文語上二段-ラ行,已然形-一般
845,動詞,一般,*,*,文語上二段-ラ行,未然形-一般
846,動詞,一般,*,*,文語上二段-ラ行,終止形-一般
847,動詞,一般,*,*,文語上二段-ラ行,連体形-一般
848,動詞,一般,*,*,文語上二段-ラ行,連用形-一般
849,動詞,一般,*,*,文語下二段-ア行,命令形
850,動詞,一般,*,*,文語下二段-ア行,已然形-一般
851,動詞,一般,*,*,文語下二段-ア行,未然形-一般
852,動詞,一般,*,*,文語下二段-ア行,終止形-一般
853,動詞,一般,*,*,文語下二段-ア行,連体形-一般
854,動詞,一般,*,*,文語下二段-ア行,連用形-一般
855,動詞,一般,*,*,文語下二段-カ行,命令形
856,動詞,一般,*,*,文語下二段-カ行,已然形-一般
857,動詞,一般,*,*,文語下二段-カ行,未然形-一般
858,動詞,一般,*,*,文語下二段-カ行,終止形-一般
859,動詞,一般,*,*,文語下二段-カ行,連体形-一般
860,動詞,一般,*,*,文語下二段-カ行,連用形-一般
861,動詞,一般,*,*,文語下二段-ガ行,命令形
862,動詞,一般,*,*,文語下二段-ガ行,已然形-一般
863,動詞,一般,*,*,文語下二段-ガ行,未然形-一般
864,動詞,一般,*,*,文語下二段-ガ行,終止形-一般
865,動詞,一般,*,*,文語下二段-ガ行,連体形-一般
866,動詞,一般,*,*,文語下二段-ガ行,連用形-一般
867,動詞,一般,*,*,文語下二段-サ行,命令形
868,動詞,一般,*,*,文語下二段-サ行,已然形-一般
869,動詞,一般,*,*,文語下二段-サ行,未然形-一般
870,動詞,一般,*,*,文語下二段-サ行,終止形-一般
871,動詞,一般,*,*,文語下二段-サ行,連体形-一般
872,動詞,一般,*,*,文語下二段-サ行,連用形-一般
873,動詞,一般,*,*,文語下二段-ザ行,命令形
874,動詞,一般,*,*,文語下二段-ザ行,已然形-一般
875,動詞,一般,*,*,文語下二段-ザ行,未然形-一般
876,動詞,一般,*,*,文語下二段-ザ行,終止形-一般
877,動詞,一般,*,*,文語下二段-ザ行,連体形-一般
878,動詞,一般,*,*,文語下二段-ザ行,連用形-一般
879,動詞,一般,*,*,文語下二段-タ行,命令形
880,動詞,一般,*,*,文語下二段-タ行,已然形-一般
881,動詞,一般,*,*,文語下二段-タ行,未然形-一般
882,動詞,一般,*,*,文語下二段-タ行,終止形-一般
883,動詞,一般,*,*,文語下二段-タ行,連体形-一般
884,動詞,一般,*,*,文語下二段-タ行,連用形-一般
885,動詞,一般,*,*,文語下二段-ダ行,命令形
886,動詞,一般,*,*,文語下二段-ダ行,已然形-一般
887,動詞,一般,*,*,文語下二段-ダ行,未然形-一般
888,動詞,一般,*,*,文語下二段-ダ行,終止形-一般
889,動詞,一般,*,*,文語下二段-ダ行,連体形-一般
890,動詞,一般,*,*,文語下二段-ダ行,連用形-一般
891,動詞,一般,*,*,文語下二段-ナ行,命令形
892,動詞,一般,*,*,文語下二段-ナ行,已然形-一般
893,動詞,一般,*,*,文語下二段-ナ行,未然形-一般
894,動詞,一般,*,*,文語下二段-ナ行,終止形-一般
895,動詞,一般,*,*,文語下二段-ナ行,連体形-一般
896,動詞,一般,*,*,文語下二段-ナ行,連用形-一般
897,動詞,一般,*,*,文語下二段-ハ行,命令形
898,動詞,一般,*,*,文語下二段-ハ行,已然形-一般
899,動詞,一般,*,*,文語下二段-ハ行,未然形-一般
900,動詞,一般,*,*,文語下二段-ハ行,終止形-一般
901,動詞,一般,*,*,文語下二段-ハ行,連体形-一般
902,動詞,一般,*,*,文語下二段-ハ行,連用形-一般
903,動詞,一般,*,*,文語下二段-バ行,命令形
904,動詞,一般,*,*,文語下二段-バ行,已然形-一般
905,動詞,一般,*,*,文語下二段-バ行,未然形-一般
906,動詞,一般,*,*,文語下二段-バ行,終止形-一般
907,動詞,一般,*,*,文語下二段-バ行,連体形-一般
908,動詞,一般,*,*,文語下二段-バ行,連用形-一般
909,動詞,一般,*,*,文語下二段-マ行,命令形
910,動詞,一般,*,*,文語下二段-マ行,已然形-一般
911,動詞,一般,*,*,文語下二段-マ行,未然形-一般
912,動詞,一般,*,*,文語下二段-マ行,終止形-一般
913,動詞,一般,*,*,文語下二段-マ行,連体形-一般
914,動詞,一般,*,*,文語下二段-マ行,連用形-一般
915,動詞,一般,*,*,文語下二段-ヤ行,命令形
916,動詞,一般,*,*,文語下二段-ヤ行,已然形-一般
917,動詞,一般,*,*,文語下二段-ヤ行,未然形-一般
918,動詞,一般,*,*,文語下二段-ヤ行,終止形-一般
919,動詞,一般,*,*,文語下二段-ヤ行,連体形-一般
920,動詞,一般,*,*,文語下二段-ヤ行,連用形-一般
921,動詞,一般,*,*,文語下二段-ラ行,命令形
922,動詞,一般,*,*,文語下二段-ラ行,已然形-一般
923,動詞,一般,*,*,文語下二段-ラ行,未然形-一般
924,動詞,一般,*,*,文語下二段-ラ行,終止形-一般
925,動詞,一般,*,*,文語下二段-ラ行,連体形-一般
926,動詞,一般,*,*,文語下二段-ラ行,連用形-一般
927,動詞,一般,*,*,文語下二段-ワ行,命令形
928,動詞,一般,*,*,文語下二段-ワ行,已然形-一般
929,動詞,一般,*,*,文語下二段-ワ行,未然形-一般
930,動詞,一般,*,*,文語下二段-ワ行,終止形-一般
931,動詞,一般,*,*,文語下二段-ワ行,連体形-一般
932,動詞,一般,*,*,文語下二段-ワ行,連用形-一般
933,動詞,一般,*,*,文語四段-カ行,命令形
934,動詞,一般,*,*,文語四段-カ行,已然形-一般
935,動詞,一般,*,*,文語四段-カ行,意志推量形
936,動詞,一般,*,*,文語四段-カ行,未然形-一般
937,動詞,一般,*,*,文語四段-カ行,終止形-一般
938,動詞,一般,*,*,文語四段-カ行,連体形-一般
939,動詞,一般,*,*,文語四段-カ行,連用形-イ音便
940,動詞,一般,*,*,文語四段-カ行,連用形-一般
941,動詞,一般,*,*,文語四段-ガ行,命令形
942,動詞,一般,*,*,文語四段-ガ行,已然形-一般
943,動詞,一般,*,*,文語四段-ガ行,意志推量形
944,動詞,一般,*,*,文語四段-ガ行,未然形-一般
945,動詞,一般,*,*,文語四段-ガ行,終止形-一般
946,動詞,一般,*,*,文語四段-ガ行,連体形-一般
947,動詞,一般,*,*,文語四段-ガ行,連用形-イ音便
948,動詞,一般,*,*,文語四段-ガ行,連用形-一般
949,動詞,一般,*,*,文語四段-サ行,命令形
950,動詞,一般,*,*,文語四段-サ行,已然形-一般
951,動詞,一般,*,*,文語四段-サ行,意志推量形
952,動詞,一般,*,*,文語四段-サ行,未然形-一般
953,動詞,一般,*,*,文語四段-サ行,終止形-一般
954,動詞,一般,*,*,文語四段-サ行,連体形-一般
955,動詞,一般,*,*,文語四段-サ行,連用形-イ音便
956,動詞,一般,*,*,文語四段-サ行,連用形-キ接続
957,動詞,一般,*,*,文語四段-サ行,連用形-一般
958,動詞,一般,*,*,文語四段-タ行,命令形
959,動詞,一般,*,*,文語四段-タ行,已然形-一般
960,動詞,一般,*,*,文語四段-タ行,意志推量形
961,動詞,一般,*,*,文語四段-タ行,未然形-一般
962,動詞,一般,*,*,文語四段-タ行,終止形-一般
963,動詞,一般,*,*,文語四段-タ行,連体形-一般
964,動詞,一般,*,*,文語四段-タ行,連用形-一般
965,動詞,一般,*,*,文語四段-タ行,連用形-促音便
966,動詞,一般,*,*,文語四段-ハ行,ク語法
967,動詞,一般,*,*,文語四段-ハ行,命令形
968,動詞,一般,*,*,文語四段-ハ行,已然形-一般
969,動詞,一般,*,*,文語四段-ハ行,意志推量形
970,動詞,一般,*,*,文語四段-ハ行,未然形-一般
971,動詞,一般,*,*,文語四段-ハ行,終止形-ウ音便
972,動詞,一般,*,*,文語四段-ハ行,終止形-一般
973,動詞,一般,*,*,文語四段-ハ行,連体形-ウ音便
974,動詞,一般,*,*,文語四段-ハ行,連体形-一般
975,動詞,一般,*,*,文語四段-ハ行,連用形-イ音便
976,動詞,一般,*,*,文語四段-ハ行,連用形-ウ音便
977,動詞,一般,*,*,文語四段-ハ行,連用形-一般
978,動詞,一般,*,*,文語四段-ハ行,連用形-促音便
979,動詞,一般,*,*,文語四段-バ行,命令形
980,動詞,一般,*,*,文語四段-バ行,已然形-一般
981,動詞,一般,*,*,文語四段-バ行,意志推量形
982,動詞,一般,*,*,文語四段-バ行,未然形-一般
983,動詞,一般,*,*,文語四段-バ行,終止形-一般
984,動詞,一般,*,*,文語四段-バ行,連体形-一般
985,動詞,一般,*,*,文語四段-バ行,連用形-ウ音便
986,動詞,一般,*,*,文語四段-バ行,連用形-一般
987,動詞,一般,*,*,文語四段-バ行,連用形-撥音便
988,動詞,一般,*,*,文語四段-マ行,命令形
989,動詞,一般,*,*,文語四段-マ行,已然形-一般
990,動詞,一般,*,*,文語四段-マ行,意志推量形
991,動詞,一般,*,*,文語四段-マ行,未然形-一般
992,動詞,一般,*,*,文語四段-マ行,終止形-一般
993,動詞,一般,*,*,文語四段-マ行,連体形-一般
994,動詞,一般,*,*,文語四段-マ行,連用形-ウ音便
995,動詞,一般,*,*,文語四段-マ行,連用形-一般
996,動詞,一般,*,*,文語四段-マ行,連用形-撥音便
997,動詞,一般,*,*,文語四段-ラ行,命令形
998,動詞,一般,*,*,文語四段-ラ行,已然形-一般
999,動詞,一般,*,*,文語四段-ラ行,意志推量形
1000,動詞,一般,*,*,文語四段-ラ行,未然形-一般
1001,動詞,一般,*,*,文語四段-ラ行,終止形-一般
1002,動詞,一般,*,*,文語四段-ラ行,連体形-一般
1003,動詞,一般,*,*,文語四段-ラ行,連用形-一般
1004,動詞,一般,*,*,文語四段-ラ行,連用形-促音便
1005,動詞,非自立可能,*,*,カ行変格,仮定形-一般
1006,動詞,非自立可能,*,*,カ行変格,仮定形-融合
1007,動詞,非自立可能,*,*,カ行変格,命令形
1008,動詞,非自立可能,*,*,カ行変格,意志推量形
1009,動詞,非自立可能,*,*,カ行変格,未然形-一般
1010,動詞,非自立可能,*,*,カ行変格,終止形-一般
1011,動詞,非自立可能,*,*,カ行変格,終止形-撥音便
1012,動詞,非自立可能,*,*,カ行変格,連体形-一般
1013,動詞,非自立可能,*,*,カ行変格,連体形-撥音便
1014,動詞,非自立可能,*,*,カ行変格,連体形-省略
1015,動詞,非自立可能,*,*,カ行変格,連用形-一般
1016,動詞,非自立可能,*,*,サ行変格,仮定形-一般
1017,動詞,非自立可能,*,*,サ行変格,仮定形-融合
1018,動詞,非自立可能,*,*,サ行変格,命令形
1019,動詞,非自立可能,*,*,サ行変格,意志推量形
1020,動詞,非自立可能,*,*,サ行変格,未然形-サ
1021,動詞,非自立可能,*,*,サ行変格,未然形-セ
1022,動詞,非自立可能,*,*,サ行変格,未然形-一般
1023,動詞,非自立可能,*,*,サ行変格,終止形-一般
1024,動詞,非自立可能,*,*,サ行変格,終止形-撥音便
1025,動詞,非自立可能,*,*,サ行変格,連体形-一般
1026,動詞,非自立可能,*,*,サ行変格,連体形-撥音便
1027,動詞,非自立可能,*,*,サ行変格,連体形-省略
1028,動詞,非自立可能,*,*,サ行変格,連用形-一般
1029,動詞,非自立可能,*,*,上一段-ア行,仮定形-一般
1030,動詞,非自立可能,*,*,上一段-ア行,仮定形-融合
1031,動詞,非自立可能,*,*,上一段-ア行,命令形
1032,動詞,非自立可能,*,*,上一段-ア行,意志推量形
1033,動詞,非自立可能,*,*,上一段-ア行,未然形-一般
1034,動詞,非自立可能,*,*,上一段-ア行,終止形-一般
1035,動詞,非自立可能,*,*,上一段-ア行,終止形-撥音便
1036,動詞,非自立可能,*,*,上一段-ア行,連体形-一般
1037,動詞,非自立可能,*,*,上一段-ア行,連体形-撥音便
1038,動詞,非自立可能,*,*,上一段-ア行,連体形-省略
1039,動詞,非自立可能,*,*,上一段-ア行,連用形-一般
1040,動詞,非自立可能,*,*,上一段-カ行,仮定形-一般
1041,動詞,非自立可能,*,*,上一段-カ行,仮定形-融合
1042,動詞,非自立可能,*,*,上一段-カ行,命令形
1043,動詞,非自立可能,*,*,上一段-カ行,意志推量形
1044,動詞,非自立可能,*,*,上一段-カ行,未然形-一般
1045,動詞,非自立可能,*,*,上一段-カ行,終止形-一般
1046,動詞,非自立可能,*,*,上一段-カ行,終止形-撥音便
1047,動詞,非自立可能,*,*,上一段-カ行,連体形-一般
1048,動詞,非自立可能,*,*,上一段-カ行,連体形-撥音便
1049,動詞,非自立可能,*,*,上一段-カ行,連用形-一般
1050,動詞,非自立可能,*,*,上一段-ガ行,仮定形-一般
1051,動詞,非自立可能,*,*,上一段-ガ行,仮定形-融合
1052,動詞,非自立可能,*,*,上一段-ガ行,命令形
1053,動詞,非自立可能,*,*,上一段-ガ行,意志推量形
1054,動詞,非自立可能,*,*,上一段-ガ行,未然形-一般
1055,動詞,非自立可能,*,*,上一段-ガ行,終止形-一般
1056,動詞,非自立可能,*,*,上一段-ガ行,終止形-撥音便
1057,動詞,非自立可能,*,*,上一段-ガ行,連体形-一般
1058,動詞,非自立可能,*,*,上一段-ガ行,連体形-撥音便
1059,動詞,非自立可能,*,*,上一段-ガ行,連用形-一般
1060,動詞,非自立可能,*,*,上一段-マ行,仮定形-一般
1061,動詞,非自立可能,*,*,上一段-マ行,仮定形-融合
1062,動詞,非自立可能,*,*,上一段-マ行,命令形
1063,動詞,非自立可能,*,*,上一段-マ行,意志推量形
1064,動詞,非自立可能,*,*,上一段-マ行,未然形-一般
1065,動詞,非自立可能,*,*,上一段-マ行,終止形-一般
1066,動詞,非自立可能,*,*,上一段-マ行,終止形-撥音便
1067,動詞,非自立可能,*,*,上一段-マ行,連体形-一般
1068,動詞,非自立可能,*,*,上一段-マ行,連体形-撥音便
1069,動詞,非自立可能,*,*,上一段-マ行,連用形-一般
1070,動詞,非自立可能,*,*,下一段-ア行,仮定形-一般
1071,動詞,非自立可能,*,*,下一段-ア行,仮定形-融合
1072,動詞,非自立可能,*,*,下一段-ア行,命令形
1073,動詞,非自立可能,*,*,下一段-ア行,意志推量形
1074,動詞,非自立可能,*,*,下一段-ア行,未然形-一般
1075,動詞,非自立可能,*,*,下一段-ア行,終止形-一般
1076,動詞,非自立可能,*,*,下一段-ア行,終止形-撥音便
1077,動詞,非自立可能,*,*,下一段-ア行,連体形-一般
1078,動詞,非自立可能,*,*,下一段-ア行,連体形-撥音便
1079,動詞,非自立可能,*,*,下一段-ア行,連用形-一般
1080,動詞,非自立可能,*,*,下一段-カ行,仮定形-一般
1081,動詞,非自立可能,*,*,下一段-カ行,仮定形-融合
1082,動詞,非自立可能,*,*,下一段-カ行,命令形
1083,動詞,非自立可能,*,*,下一段-カ行,意志推量形
1084,動詞,非自立可能,*,*,下一段-カ行,未然形-一般
1085,動詞,非自立可能,*,*,下一段-カ行,終止形-一般
1086,動詞,非自立可能,*,*,下一段-カ行,終止形-促音便
1087,動詞,非自立可能,*,*,下一段-カ行,終止形-撥音便
1088,動詞,非自立可能,*,*,下一段-カ行,連体形-一般
1089,動詞,非自立可能,*,*,下一段-カ行,連体形-撥音便
1090,動詞,非自立可能,*,*,下一段-カ行,連用形-一般
1091,動詞,非自立可能,*,*,下一段-ガ行,仮定形-一般
1092,動詞,非自立可能,*,*,下一段-ガ行,仮定形-融合
1093,動詞,非自立可能,*,*,下一段-ガ行,命令形
1094,動詞,非自立可能,*,*,下一段-ガ行,意志推量形
1095,動詞,非自立可能,*,*,下一段-ガ行,未然形-一般
1096,動詞,非自立可能,*,*,下一段-ガ行,終止形-一般
1097,動詞,非自立可能,*,*,下一段-ガ行,終止形-撥音便
1098,動詞,非自立可能,*,*,下一段-ガ行,連体形-一般
1099,動詞,非自立可能,*,*,下一段-ガ行,連体形-撥音便
1100,動詞,非自立可能,*,*,下一段-ガ行,連用形-一般
1101,動詞,非自立可能,*,*,下一段-サ行,仮定形-一般
1102,動詞,非自立可能,*,*,下一段-サ行,仮定形-融合
1103,動詞,非自立可能,*,*,下一段-サ行,命令形
1104,動詞,非自立可能,*,*,下一段-サ行,意志推量形
1105,動詞,非自立可能,*,*,下一段-サ行,未然形-一般
1106,動詞,非自立可能,*,*,下一段-サ行,終止形-一般
1107,動詞,非自立可能,*,*,下一段-サ行,終止形-撥音便
1108,動詞,非自立可能,*,*,下一段-サ行,連体形-一般
1109,動詞,非自立可能,*,*,下一段-サ行,連体形-撥音便
1110,動詞,非自立可能,*,*,下一段-サ行,連用形-一般
1111,動詞,非自立可能,*,*,下一段-タ行,仮定形-一般
1112,動詞,非自立可能,*,*,下一段-タ行,仮定形-融合
1113,動詞,非自立可能,*,*,下一段-タ行,命令形
1114,動詞,非自立可能,*,*,下一段-タ行,意志推量形
1115,動詞,非自立可能,*,*,下一段-タ行,未然形-一般
1116,動詞,非自立可能,*,*,下一段-タ行,終止形-一般
1117,動詞,非自立可能,*,*,下一段-タ行,終止形-撥音便
1118,動詞,非自立可能,*,*,下一段-タ行,連体形-一般
1119,動詞,非自立可能,*,*,下一段-タ行,連体形-撥音便
1120,動詞,非自立可能,*,*,下一段-タ行,連用形-一般
1121,動詞,非自立可能,*,*,下一段-マ行,仮定形-一般
1122,動詞,非自立可能,*,*,下一段-マ行,仮定形-融合
1123,動詞,非自立可能,*,*,下一段-マ行,命令形
1124,動詞,非自立可能,*,*,下一段-マ行,意志推量形
1125,動詞,非自立可能,*,*,下一段-マ行,未然形-一般
1126,動詞,非自立可能,*,*,下一段-マ行,終止形-一般
1127,動詞,非自立可能,*,*,下一段-マ行,終止形-撥音便
1128,動詞,非自立可能,*,*,下一段-マ行,連体形-一般
1129,動詞,非自立可能,*,*,下一段-マ行,連体形-撥音便
1130,動詞,非自立可能,*,*,下一段-マ行,連用形-一般
1131,動詞,非自立可能,*,*,下一段-ラ行,仮定形-一般
1132,動詞,非自立可能,*,*,下一段-ラ行,仮定形-融合
1133,動詞,非自立可能,*,*,下一段-ラ行,命令形
1134,動詞,非自立可能,*,*,下一段-ラ行,意志推量形
1135,動詞,非自立可能,*,*,下一段-ラ行,未然形-一般
1136,動詞,非自立可能,*,*,下一段-ラ行,未然形-撥音便
1137,動詞,非自立可能,*,*,下一段-ラ行,終止形-一般
1138,動詞,非自立可能,*,*,下一段-ラ行,終止形-促音便
1139,動詞,非自立可能,*,*,下一段-ラ行,終止形-撥音便
1140,動詞,非自立可能,*,*,下一段-ラ行,連体形-一般
1141,動詞,非自立可能,*,*,下一段-ラ行,連体形-撥音便
1142,動詞,非自立可能,*,*,下一段-ラ行,連用形-一般
1143,動詞,非自立可能,*,*,下一段-ラ行,連用形-撥音便
1144,動詞,非自立可能,*,*,五段-カ行,仮定形-一般
1145,動詞,非自立可能,*,*,五段-カ行,仮定形-融合
1146,動詞,非自立可能,*,*,五段-カ行,命令形
1147,動詞,非自立可能,*,*,五段-カ行,意志推量形
1148,動詞,非自立可能,*,*,五段-カ行,未然形-一般
1149,動詞,非自立可能,*,*,五段-カ行,終止形-一般
1150,動詞,非自立可能,*,*,五段-カ行,連体形-一般
1151,動詞,非自立可能,*,*,五段-カ行,連用形-イ音便
1152,動詞,非自立可能,*,*,五段-カ行,連用形-一般
1153,動詞,非自立可能,*,*,五段-カ行,連用形-促音便
1154,動詞,非自立可能,*,*,五段-カ行,連用形-省略
1155,動詞,非自立可能,*,*,五段-カ行,連用形-融合
1156,動詞,非自立可能,*,*,五段-サ行,仮定形-一般
1157,動詞,非自立可能,*,*,五段-サ行,仮定形-融合
1158,動詞,非自立可能,*,*,五段-サ行,命令形
1159,動詞,非自立可能,*,*,五段-サ行,意志推量形
1160,動詞,非自立可能,*,*,五段-サ行,未然形-一般
1161,動詞,非自立可能,*,*,五段-サ行,終止形-一般
1162,動詞,非自立可能,*,*,五段-サ行,連体形-一般
1163,動詞,非自立可能,*,*,五段-サ行,連用形-一般
1164,動詞,非自立可能,*,*,五段-サ行,連用形-融合
1165,動詞,非自立可能,*,*,五段-マ行,仮定形-一般
1166,動詞,非自立可能,*,*,五段-マ行,仮定形-融合
1167,動詞,非自立可能,*,*,五段-マ行,命令形
1168,動詞,非自立可能,*,*,五段-マ行,意志推量形
1169,動詞,非自立可能,*,*,五段-マ行,未然形-一般
1170,動詞,非自立可能,*,*,五段-マ行,終止形-一般
1171,動詞,非自立可能,*,*,五段-マ行,連体形-一般
1172,動詞,非自立可能,*,*,五段-マ行,連用形-一般
1173,動詞,非自立可能,*,*,五段-マ行,連用形-撥音便
1174,動詞,非自立可能,*,*,五段-マ行,連用形-融合
1175,動詞,非自立可能,*,*,五段-ラ行,仮定形-一般
1176,動詞,非自立可能,*,*,五段-ラ行,仮定形-融合
1177,動詞,非自立可能,*,*,五段-ラ行,命令形
1178,動詞,非自立可能,*,*,五段-ラ行,意志推量形
1179,動詞,非自立可能,*,*,五段-ラ行,未然形-一般
1180,動詞,非自立可能,*,*,五段-ラ行,未然形-撥音便
1181,動詞,非自立可能,*,*,五段-ラ行,終止形-一般
1182,動詞,非自立可能,*,*,五段-ラ行,終止形-撥音便
1183,動詞,非自立可能,*,*,五段-ラ行,終止形-融合
1184,動詞,非自立可能,*,*,五段-ラ行,連体形-一般
1185,動詞,非自立可能,*,*,五段-ラ行,連体形-撥音便
1186,動詞,非自立可能,*,*,五段-ラ行,連体形-省略
1187,動詞,非自立可能,*,*,五段-ラ行,連用形-イ音便
1188,動詞,非自立可能,*,*,五段-ラ行,連用形-一般
1189,動詞,非自立可能,*,*,五段-ラ行,連用形-促音便
1190,動詞,非自立可能,*,*,五段-ラ行,連用形-撥音便
1191,動詞,非自立可能,*,*,五段-ラ行,連用形-省略
1192,動詞,非自立可能,*,*,五段-ラ行,連用形-融合
1193,動詞,非自立可能,*,*,五段-ワア行,仮定形-一般
1194,動詞,非自立可能,*,*,五段-ワア行,命令形
1195,動詞,非自立可能,*,*,五段-ワア行,意志推量形
1196,動詞,非自立可能,*,*,五段-ワア行,未然形-一般
1197,動詞,非自立可能,*,*,五段-ワア行,終止形-一般
1198,動詞,非自立可能,*,*,五段-ワア行,連体形-一般
1199,動詞,非自立可能,*,*,五段-ワア行,連用形-ウ音便
1200,動詞,非自立可能,*,*,五段-ワア行,連用形-一般
1201,動詞,非自立可能,*,*,五段-ワア行,連用形-促音便
1202,動詞,非自立可能,*,*,文語カ行変格,命令形
1203,動詞,非自立可能,*,*,文語カ行変格,已然形-一般
1204,動詞,非自立可能,*,*,文語カ行変格,未然形-一般
1205,動詞,非自立可能,*,*,文語カ行変格,終止形-一般
1206,動詞,非自立可能,*,*,文語カ行変格,連体形-一般
1207,動詞,非自立可能,*,*,文語カ行変格,連用形-一般
1208,動詞,非自立可能,*,*,文語サ行変格,ク語法
1209,動詞,非自立可能,*,*,文語サ行変格,命令形
1210,動詞,非自立可能,*,*,文語サ行変格,已然形-一般
1211,動詞,非自立可能,*,*,文語サ行変格,未然形-一般
1212,動詞,非自立可能,*,*,文語サ行変格,終止形-一般
1213,動詞,非自立可能,*,*,文語サ行変格,連体形-一般
1214,動詞,非自立可能,*,*,文語サ行変格,連用形-一般
1215,動詞,非自立可能,*,*,文語ラ行変格,命令形
1216,動詞,非自立可能,*,*,文語ラ行変格,已然形-一般
1217,動詞,非自立可能,*,*,文語ラ行変格,意志推量形
1218,動詞,非自立可能,*,*,文語ラ行変格,未然形-一般
1219,動詞,非自立可能,*,*,文語ラ行変格,終止形-一般
1220,動詞,非自立可能,*,*,文語ラ行変格,終止形-撥音便
1221,動詞,非自立可能,*,*,文語ラ行変格,連体形-一般
1222,動詞,非自立可能,*,*,文語ラ行変格,連体形-撥音便
1223,動詞,非自立可能,*,*,文語ラ行変格,連用形-一般
1224,動詞,非自立可能,*,*,文語ラ行変格,連用形-促音便
1225,動詞,非自立可能,*,*,文語上一段-マ行,命令形
1226,動詞,非自立可能,*,*,文語上一段-マ行,已然形-一般
1227,動詞,非自立可能,*,*,文語上一段-マ行,未然形-一般
1228,動詞,非自立可能,*,*,文語上一段-マ行,終止形-一般
1229,動詞,非自立可能,*,*,文語上一段-マ行,連体形-一般
1230,動詞,非自立可能,*,*,文語上一段-マ行,連用形-一般
1231,動詞,非自立可能,*,*,文語上一段-ワ行,命令形
1232,動詞,非自立可能,*,*,文語上一段-ワ行,已然形-一般
1233,動詞,非自立可能,*,*,文語上一段-ワ行,未然形-一般
1234,動詞,非自立可能,*,*,文語上一段-ワ行,終止形-一般
1235,動詞,非自立可能,*,*,文語上一段-ワ行,連体形-一般
1236,動詞,非自立可能,*,*,文語上一段-ワ行,連用形-一般
1237,動詞,非自立可能,*,*,文語下二段-ア行,命令形
1238,動詞,非自立可能,*,*,文語下二段-ア行,已然形-一般
1239,動詞,非自立可能,*,*,文語下二段-ア行,未然形-一般
1240,動詞,非自立可能,*,*,文語下二段-ア行,終止形-一般
1241,動詞,非自立可能,*,*,文語下二段-ア行,連体形-一般
1242,動詞,非自立可能,*,*,文語下二段-ア行,連用形-一般
1243,動詞,非自立可能,*,*,文語下二段-カ行,命令形
1244,動詞,非自立可能,*,*,文語下二段-カ行,已然形-一般
1245,動詞,非自立可能,*,*,文語下二段-カ行,未然形-一般
1246,動詞,非自立可能,*,*,文語下二段-カ行,終止形-一般
1247,動詞,非自立可能,*,*,文語下二段-カ行,連体形-一般
1248,動詞,非自立可能,*,*,文語下二段-カ行,連用形-一般
1249,動詞,非自立可能,*,*,文語下二段-ガ行,命令形
1250,動詞,非自立可能,*,*,文語下二段-ガ行,已然形-一般
1251,動詞,非自立可能,*,*,文語下二段-ガ行,未然形-一般
1252,動詞,非自立可能,*,*,文語下二段-ガ行,終止形-一般
1253,動詞,非自立可能,*,*,文語下二段-ガ行,連体形-一般
1254,動詞,非自立可能,*,*,文語下二段-ガ行,連用形-一般
1255,動詞,非自立可能,*,*,文語下二段-サ行,命令形
1256,動詞,非自立可能,*,*,文語下二段-サ行,已然形-一般
1257,動詞,非自立可能,*,*,文語下二段-サ行,未然形-一般
1258,動詞,非自立可能,*,*,文語下二段-サ行,終止形-一般
1259,動詞,非自立可能,*,*,文語下二段-サ行,連体形-一般
1260,動詞,非自立可能,*,*,文語下二段-サ行,連用形-一般
1261,動詞,非自立可能,*,*,文語下二段-タ行,命令形
1262,動詞,非自立可能,*,*,文語下二段-タ行,已然形-一般
1263,動詞,非自立可能,*,*,文語下二段-タ行,未然形-一般
1264,動詞,非自立可能,*,*,文語下二段-タ行,終止形-一般
1265,動詞,非自立可能,*,*,文語下二段-タ行,連体形-一般
1266,動詞,非自立可能,*,*,文語下二段-タ行,連用形-一般
1267,動詞,非自立可能,*,*,文語下二段-ハ行,命令形
1268,動詞,非自立可能,*,*,文語下二段-ハ行,已然形-一般
1269,動詞,非自立可能,*,*,文語下二段-ハ行,未然形-一般
1270,動詞,非自立可能,*,*,文語下二段-ハ行,終止形-一般
1271,動詞,非自立可能,*,*,文語下二段-ハ行,連体形-一般
1272,動詞,非自立可能,*,*,文語下二段-ハ行,連用形-一般
1273,動詞,非自立可能,*,*,文語下二段-バ行,命令形
1274,動詞,非自立可能,*,*,文語下二段-バ行,已然形-一般
1275,動詞,非自立可能,*,*,文語下二段-バ行,未然形-一般
1276,動詞,非自立可能,*,*,文語下二段-バ行,終止形-一般
1277,動詞,非自立可能,*,*,文語下二段-バ行,連体形-一般
1278,動詞,非自立可能,*,*,文語下二段-バ行,連用形-一般
1279,動詞,非自立可能,*,*,文語下二段-マ行,命令形
1280,動詞,非自立可能,*,*,文語下二段-マ行,已然形-一般
1281,動詞,非自立可能,*,*,文語下二段-マ行,未然形-一般
1282,動詞,非自立可能,*,*,文語下二段-マ行,終止形-一般
1283,動詞,非自立可能,*,*,文語下二段-マ行,連体形-一般
1284,動詞,非自立可能,*,*,文語下二段-マ行,連用形-一般
1285,動詞,非自立可能,*,*,文語下二段-ヤ行,命令形
1286,動詞,非自立可能,*,*,文語下二段-ヤ行,已然形-一般
1287,動詞,非自立可能,*,*,文語下二段-ヤ行,未然形-一般
1288,動詞,非自立可能,*,*,文語下二段-ヤ行,終止形-一般
1289,動詞,非自立可能,*,*,文語下二段-ヤ行,連体形-一般
1290,動詞,非自立可能,*,*,文語下二段-ヤ行,連用形-一般
1291,動詞,非自立可能,*,*,文語下二段-ラ行,命令形
1292,動詞,非自立可能,*,*,文語下二段-ラ行,已然形-一般
1293,動詞,非自立可能,*,*,文語下二段-ラ行,未然形-一般
1294,動詞,非自立可能,*,*,文語下二段-ラ行,終止形-一般
1295,動詞,非自立可能,*,*,文語下二段-ラ行,連体形-一般
1296,動詞,非自立可能,*,*,文語下二段-ラ行,連用形-一般
1297,動詞,非自立可能,*,*,文語四段-カ行,命令形
1298,動詞,非自立可能,*,*,文語四段-カ行,已然形-一般
1299,動詞,非自立可能,*,*,文語四段-カ行,意志推量形
1300,動詞,非自立可能,*,*,文語四段-カ行,未然形-一般
1301,動詞,非自立可能,*,*,文語四段-カ行,終止形-一般
1302,動詞,非自立可能,*,*,文語四段-カ行,連体形-一般
1303,動詞,非自立可能,*,*,文語四段-カ行,連用形-イ音便
1304,動詞,非自立可能,*,*,文語四段-カ行,連用形-一般
1305,動詞,非自立可能,*,*,文語四段-サ行,命令形
1306,動詞,非自立可能,*,*,文語四段-サ行,已然形-一般
1307,動詞,非自立可能,*,*,文語四段-サ行,意志推量形
1308,動詞,非自立可能,*,*,文語四段-サ行,未然形-一般
1309,動詞,非自立可能,*,*,文語四段-サ行,終止形-一般
1310,動詞,非自立可能,*,*,文語四段-サ行,連体形-一般
1311,動詞,非自立可能,*,*,文語四段-サ行,連用形-イ音便
1312,動詞,非自立可能,*,*,文語四段-サ行,連用形-キ接続
1313,動詞,非自立可能,*,*,文語四段-サ行,連用形-一般
1314,動詞,非自立可能,*,*,文語四段-ハ行,ク語法
1315,動詞,非自立可能,*,*,文語四段-ハ行,命令形
1316,動詞,非自立可能,*,*,文語四段-ハ行,已然形-一般
1317,動詞,非自立可能,*,*,文語四段-ハ行,意志推量形
1318,動詞,非自立可能,*,*,文語四段-ハ行,未然形-一般
1319,動詞,非自立可能,*,*,文語四段-ハ行,終止形-ウ音便
1320,動詞,非自立可能,*,*,文語四段-ハ行,終止形-一般
1321,動詞,非自立可能,*,*,文語四段-ハ行,連体形-ウ音便
1322,動詞,非自立可能,*,*,文語四段-ハ行,連体形-一般
1323,動詞,非自立可能,*,*,文語四段-ハ行,連用形-イ音便
1324,動詞,非自立可能,*,*,文語四段-ハ行,連用形-ウ音便
1325,動詞,非自立可能,*,*,文語四段-ハ行,連用形-一般
1326,動詞,非自立可能,*,*,文語四段-ハ行,連用形-促音便
1327,動詞,非自立可能,*,*,文語四段-マ行,命令形
1328,動詞,非自立可能,*,*,文語四段-マ行,已然形-一般
1329,動詞,非自立可能,*,*,文語四段-マ行,意志推量形
1330,動詞,非自立可能,*,*,文語四段-マ行,未然形-一般
1331,動詞,非自立可能,*,*,文語四段-マ行,終止形-一般
1332,動詞,非自立可能,*,*,文語四段-マ行,連体形-一般
1333,動詞,非自立可能,*,*,文語四段-マ行,連用形-ウ音便
1334,動詞,非自立可能,*,*,文語四段-マ行,連用形-一般
1335,動詞,非自立可能,*,*,文語四段-マ行,連用形-撥音便
1336,動詞,非自立可能,*,*,文語四段-ラ行,命令形
1337,動詞,非自立可能,*,*,文語四段-ラ行,已然形-一般
1338,動詞,非自立可能,*,*,文語四段-ラ行,意志推量形
1339,動詞,非自立可能,*,*,文語四段-ラ行,未然形-一般
1340,動詞,非自立可能,*,*,文語四段-ラ行,終止形-一般
1341,動詞,非自立可能,*,*,文語四段-ラ行,連体形-一般
1342,動詞,非自立可能,*,*,文語四段-ラ行,連用形-一般
1343,動詞,非自立可能,*,*,文語四段-ラ行,連用形-促音便
1344,名詞,助動詞語幹,*,*,*,*
1345,名詞,固有名詞,一般,*,*,*
1346,名詞,固有名詞,人名,一般,*,*
1347,名詞,固有名詞,人名,名,*,*
1348,名詞,固有名詞,人名,姓,*,*
1349,名詞,固有名詞,地名,一般,*,*
1350,名詞,固有名詞,地名,国,*,*
1351,名詞,数詞,*,*,*,*
1352,名詞,普通名詞,サ変可能,*,*,*
1353,名詞,普通名詞,サ変形状詞可能,*,*,*
1354,名詞,普通名詞,一般,*,*,*
1355,名詞,普通名詞,副詞可能,*,*,*
1356,名詞,普通名詞,助数詞可能,*,*,*
1357,名詞,普通名詞,形状詞可能,*,*,*
1358,形容詞,一般,*,*,形容詞,仮定形-一般
1359,形容詞,一般,*,*,形容詞,仮定形-融合
1360,形容詞,一般,*,*,形容詞,意志推量形
1361,形容詞,一般,*,*,形容詞,終止形-一般
1362,形容詞,一般,*,*,形容詞,終止形-促音便
1363,形容詞,一般,*,*,形容詞,語幹-サ
1364,形容詞,一般,*,*,形容詞,語幹-一般
1365,形容詞,一般,*,*,形容詞,連体形-一般
1366,形容詞,一般,*,*,形容詞,連用形-ウ音便
1367,形容詞,一般,*,*,形容詞,連用形-一般
1368,形容詞,一般,*,*,形容詞,連用形-促音便
1369,形容詞,一般,*,*,形容詞,連用形-省略
1370,形容詞,一般,*,*,文語形容詞-ク,命令形
1371,形容詞,一般,*,*,文語形容詞-ク,已然形-一般
1372,形容詞,一般,*,*,文語形容詞-ク,已然形-補助
1373,形容詞,一般,*,*,文語形容詞-ク,意志推量形
1374,形容詞,一般,*,*,文語形容詞-ク,未然形-一般
1375,形容詞,一般,*,*,文語形容詞-ク,未然形-補助
1376,形容詞,一般,*,*,文語形容詞-ク,終止形-一般
1377,形容詞,一般,*,*,文語形容詞-ク,終止形-補助
1378,形容詞,一般,*,*,文語形容詞-ク,連体形-イ音便
1379,形容詞,一般,*,*,文語形容詞-ク,連体形-一般
1380,形容詞,一般,*,*,文語形容詞-ク,連体形-撥音便
1381,形容詞,一般,*,*,文語形容詞-ク,連体形-補助
1382,形容詞,一般,*,*,文語形容詞-ク,連用形-ウ音便
1383,形容詞,一般,*,*,文語形容詞-ク,連用形-一般
1384,形容詞,一般,*,*,文語形容詞-ク,連用形-補助
1385,形容詞,一般,*,*,文語形容詞-シク,命令形
1386,形容詞,一般,*,*,文語形容詞-シク,已然形-一般
1387,形容詞,一般,*,*,文語形容詞-シク,意志推量形
1388,形容詞,一般,*,*,文語形容詞-シク,未然形-一般
1389,形容詞,一般,*,*,文語形容詞-シク,未然形-補助
1390,形容詞,一般,*,*,文語形容詞-シク,終止形-一般
1391,形容詞,一般,*,*,文語形容詞-シク,語幹-一般
1392,形容詞,一般,*,*,文語形容詞-シク,連体形-イ音便
1393,形容詞,一般,*,*,文語形容詞-シク,連体形-一般
1394,形容詞,一般,*,*,文語形容詞-シク,連体形-撥音便
1395,形容詞,一般,*,*,文語形容詞-シク,連体形-補助
1396,形容詞,一般,*,*,文語形容詞-シク,連用形-ウ音便
1397,形容詞,一般,*,*,文語形容詞-シク,連用形-一般
1398,形容詞,一般,*,*,文語形容詞-シク,連用形-補助
1399,形容詞,非自立可能,*,*,形容詞,仮定形-一般
1400,形容詞,非自立可能,*,*,形容詞,仮定形-融合
1401,形容詞,非自立可能,*,*,形容詞,意志推量形
1402,形容詞,非自立可能,*,*,形容詞,終止形-一般
1403,形容詞,非自立可能,*,*,形容詞,終止形-促音便
1404,形容詞,非自立可能,*,*,形容詞,語幹-サ
1405,形容詞,非自立可能,*,*,形容詞,語幹-一般
1406,形容詞,非自立可能,*,*,形容詞,連体形-一般
1407,形容詞,非自立可能,*,*,形容詞,連用形-ウ音便
1408,形容詞,非自立可能,*,*,形容詞,連用形-一般
1409,形容詞,非自立可能,*,*,形容詞,連用形-促音便
1410,形容詞,非自立可能,*,*,形容詞,連用形-融合
1411,形容詞,非自立可能,*,*,文語形容詞-ク,命令形
1412,形容詞,非自立可能,*,*,文語形容詞-ク,已然形-一般
1413,形容詞,非自立可能,*,*,文語形容詞-ク,已然形-補助
1414,形容詞,非自立可能,*,*,文語形容詞-ク,意志推量形
1415,形容詞,非自立可能,*,*,文語形容詞-ク,未然形-一般
1416,形容詞,非自立可能,*,*,文語形容詞-ク,未然形-補助
1417,形容詞,非自立可能,*,*,文語形容詞-ク,終止形-一般
1418,形容詞,非自立可能,*,*,文語形容詞-ク,連体形-イ音便
1419,形容詞,非自立可能,*,*,文語形容詞-ク,連体形-一般
1420,形容詞,非自立可能,*,*,文語形容詞-ク,連体形-撥音便
1421,形容詞,非自立可能,*,*,文語形容詞-ク,連体形-補助
1422,形容詞,非自立可能,*,*,文語形容詞-ク,連用形-ウ音便
1423,形容詞,非自立可能,*,*,文語形容詞-ク,連用形-一般
1424,形容詞,非自立可能,*,*,文語形容詞-ク,連用形-補助
1425,形状詞,タリ,*,*,*,*
1426,形状詞,一般,*,*,*,*
1427,形状詞,助動詞語幹,*,*,*,*
1428,感動詞,フィラー,*,*,*,*
1429,感動詞,一般,*,*,*,*
1430,接尾辞,動詞的,*,*,上一段-マ行,仮定形-一般
1431,接尾辞,動詞的,*,*,上一段-マ行,仮定形-融合
1432,接尾辞,動詞的,*,*,上一段-マ行,命令形
1433,接尾辞,動詞的,*,*,上一段-マ行,意志推量形
1434,接尾辞,動詞的,*,*,上一段-マ行,未然形-一般
1435,接尾辞,動詞的,*,*,上一段-マ行,終止形-一般
1436,接尾辞,動詞的,*,*,上一段-マ行,終止形-撥音便
1437,接尾辞,動詞的,*,*,上一段-マ行,連体形-一般
1438,接尾辞,動詞的,*,*,上一段-マ行,連体形-撥音便
1439,接尾辞,動詞的,*,*,上一段-マ行,連用形-一般
1440,接尾辞,動詞的,*,*,下一段-ナ行,仮定形-一般
1441,接尾辞,動詞的,*,*,下一段-ナ行,仮定形-融合
1442,接尾辞,動詞的,*,*,下一段-ナ行,命令形
1443,接尾辞,動詞的,*,*,下一段-ナ行,意志推量形
1444,接尾辞,動詞的,*,*,下一段-ナ行,未然形-一般
1445,接尾辞,動詞的,*,*,下一段-ナ行,終止形-一般
1446,接尾辞,動詞的,*,*,下一段-ナ行,終止形-撥音便
1447,接尾辞,動詞的,*,*,下一段-ナ行,連体形-一般
1448,接尾辞,動詞的,*,*,下一段-ナ行,連体形-撥音便
1449,接尾辞,動詞的,*,*,下一段-ナ行,連用形-一般
1450,接尾辞,動詞的,*,*,下一段-ラ行,仮定形-一般
1451,接尾辞,動詞的,*,*,下一段-ラ行,仮定形-融合
1452,接尾辞,動詞的,*,*,下一段-ラ行,命令形
1453,接尾辞,動詞的,*,*,下一段-ラ行,意志推量形
1454,接尾辞,動詞的,*,*,下一段-ラ行,未然形-一般
1455,接尾辞,動詞的,*,*,下一段-ラ行,終止形-一般
1456,接尾辞,動詞的,*,*,下一段-ラ行,終止形-撥音便
1457,接尾辞,動詞的,*,*,下一段-ラ行,連体形-一般
1458,接尾辞,動詞的,*,*,下一段-ラ行,連体形-撥音便
1459,接尾辞,動詞的,*,*,下一段-ラ行,連用形-一般
1460,接尾辞,動詞的,*,*,五段-カ行,仮定形-一般
1461,接尾辞,動詞的,*,*,五段-カ行,仮定形-融合
1462,接尾辞,動詞的,*,*,五段-カ行,命令形
1463,接尾辞,動詞的,*,*,五段-カ行,意志推量形
1464,接尾辞,動詞的,*,*,五段-カ行,未然形-一般
1465,接尾辞,動詞的,*,*,五段-カ行,終止形-一般
1466,接尾辞,動詞的,*,*,五段-カ行,連体形-一般
1467,接尾辞,動詞的,*,*,五段-カ行,連用形-イ音便
1468,接尾辞,動詞的,*,*,五段-カ行,連用形-一般
1469,接尾辞,動詞的,*,*,五段-カ行,連用形-融合
1470,接尾辞,動詞的,*,*,五段-サ行,仮定形-一般
1471,接尾辞,動詞的,*,*,五段-サ行,仮定形-融合
1472,接尾辞,動詞的,*,*,五段-サ行,命令形
1473,接尾辞,動詞的,*,*,五段-サ行,意志推量形
1474,接尾辞,動詞的,*,*,五段-サ行,未然形-一般
1475,接尾辞,動詞的,*,*,五段-サ行,終止形-一般
1476,接尾辞,動詞的,*,*,五段-サ行,連体形-一般
1477,接尾辞,動詞的,*,*,五段-サ行,連用形-一般
1478,接尾辞,動詞的,*,*,五段-サ行,連用形-融合
1479,接尾辞,動詞的,*,*,五段-マ行,仮定形-一般
1480,接尾辞,動詞的,*,*,五段-マ行,仮定形-融合
1481,接尾辞,動詞的,*,*,五段-マ行,命令形
1482,接尾辞,動詞的,*,*,五段-マ行,意志推量形
1483,接尾辞,動詞的,*,*,五段-マ行,未然形-一般
1484,接尾辞,動詞的,*,*,五段-マ行,終止形-一般
1485,接尾辞,動詞的,*,*,五段-マ行,連体形-一般
1486,接尾辞,動詞的,*,*,五段-マ行,連用形-一般
1487,接尾辞,動詞的,*,*,五段-マ行,連用形-撥音便
1488,接尾辞,動詞的,*,*,五段-マ行,連用形-融合
1489,接尾辞,動詞的,*,*,五段-ラ行,仮定形-一般
1490,接尾辞,動詞的,*,*,五段-ラ行,仮定形-融合
1491,接尾辞,動詞的,*,*,五段-ラ行,命令形
1492,接尾辞,動詞的,*,*,五段-ラ行,意志推量形
1493,接尾辞,動詞的,*,*,五段-ラ行,未然形-一般
1494,接尾辞,動詞的,*,*,五段-ラ行,未然形-撥音便
1495,接尾辞,動詞的,*,*,五段-ラ行,終止形-一般
1496,接尾辞,動詞的,*,*,五段-ラ行,終止形-撥音便
1497,接尾辞,動詞的,*,*,五段-ラ行,連体形-一般
1498,接尾辞,動詞的,*,*,五段-ラ行,連体形-撥音便
1499,接尾辞,動詞的,*,*,五段-ラ行,連用形-一般
1500,接尾辞,動詞的,*,*,五段-ラ行,連用形-促音便
1501,接尾辞,動詞的,*,*,五段-ラ行,連用形-撥音便
1502,接尾辞,動詞的,*,*,五段-ラ行,連用形-融合
1503,接尾辞,名詞的,サ変可能,*,*,*
1504,接尾辞,名詞的,一般,*,*,*
1505,接尾辞,名詞的,副詞可能,*,*,*
1506,接尾辞,名詞的,助数詞,*,*,*
1507,接尾辞,形容詞的,*,*,形容詞,仮定形-一般
1508,接尾辞,形容詞的,*,*,形容詞,仮定形-融合
1509,接尾辞,形容詞的,*,*,形容詞,意志推量形
1510,接尾辞,形容詞的,*,*,形容詞,終止形-一般
1511,接尾辞,形容詞的,*,*,形容詞,語幹-一般
1512,接尾辞,形容詞的,*,*,形容詞,連体形-一般
1513,接尾辞,形容詞的,*,*,形容詞,連用形-ウ音便
1514,接尾辞,形容詞的,*,*,形容詞,連用形-一般
1515,接尾辞,形容詞的,*,*,形容詞,連用形-促音便
1516,接尾辞,形容詞的,*,*,文語形容詞-ク,命令形
1517,接尾辞,形容詞的,*,*,文語形容詞-ク,已然形-一般
1518,接尾辞,形容詞的,*,*,文語形容詞-ク,已然形-補助
1519,接尾辞,形容詞的,*,*,文語形容詞-ク,意志推量形
1520,接尾辞,形容詞的,*,*,文語形容詞-ク,未然形-一般
1521,接尾辞,形容詞的,*,*,文語形容詞-ク,未然形-補助
1522,接尾辞,形容詞的,*,*,文語形容詞-ク,終止形-一般
1523,接尾辞,形容詞的,*,*,文語形容詞-ク,連体形-イ音便
1524,接尾辞,形容詞的,*,*,文語形容詞-ク,連体形-一般
1525,接尾辞,形容詞的,*,*,文語形容詞-ク,連体形-撥音便
1526,接尾辞,形容詞的,*,*,文語形容詞-ク,連体形-補助
1527,接尾辞,形容詞的,*,*,文語形容詞-ク,連用形-ウ音便
1528,接尾辞,形容詞的,*,*,文語形容詞-ク,連用形-一般
1529,接尾辞,形容詞的,*,*,文語形容詞-ク,連用形-補助
1530,接尾辞,形容詞的,*,*,文語形容詞-シク,命令形
1531,接尾辞,形容詞的,*,*,文語形容詞-シク,已然形-一般
1532,接尾辞,形容詞的,*,*,文語形容詞-シク,意志推量形
1533,接尾辞,形容詞的,*,*,文語形容詞-シク,未然形-一般
1534,接尾辞,形容詞的,*,*,文語形容詞-シク,未然形-補助
1535,接尾辞,形容詞的,*,*,文語形容詞-シク,終止形-一般
1536,接尾辞,形容詞的,*,*,文語形容詞-シク,語幹-一般
1537,接尾辞,形容詞的,*,*,文語形容詞-シク,連体形-イ音便
1538,接尾辞,形容詞的,*,*,文語形容詞-シク,連体形-一般
1539,接尾辞,形容詞的,*,*,文語形容詞-シク,連体形-撥音便
1540,接尾辞,形容詞的,*,*,文語形容詞-シク,連体形-補助
1541,接尾辞,形容詞的,*,*,文語形容詞-シク,連用形-ウ音便
1542,接尾辞,形容詞的,*,*,文語形容詞-シク,連用形-一般
1543,接尾辞,形容詞的,*,*,文語形容詞-シク,連用形-補助
1544,接尾辞,形状詞的,*,*,*,*
1545,接続詞,*,*,*,*,*
1546,接頭辞,*,*,*,*,*
1547,空白,*,*,*,*,*
1548,補助記号,一般,*,*,*,*
1549,補助記号,句点,*,*,*,*
1550,補助記号,括弧閉,*,*,*,*
1551,補助記号,括弧開,*,*,*,*
1552,補助記号,読点,*,*,*,*
1553,補助記号,ＡＡ,一般,*,*,*
1554,補助記号,ＡＡ,顔文字,*,*,*
1555,記号,一般,*,*,*,*
1556,記号,文字,*,*,*,*
1557,連体詞,*,*,*,*,*
